module,server_path,server_checksum,server_version,server_installed_state,github_path,github_checksum,github_version,approved_checksum,source_branch,source_commit,dependencies,migration_required,security_status,test_status,classification,disposition,owner
call_center_campaign,/mnt/extra-addons/call_center_campaign,b4ecb2097e088dec5f8a1386dae38f46501dcb5c39e2ba77e50251334d30241a,19.0.5.2.0,installed,custom-addons/call_center_campaign,746787e42525475d2d5c832167d59d2029d0a74b71a8b13c1fc95265090892f0,19.0.5.2.1,746787e42525475d2d5c832167d59d2029d0a74b71a8b13c1fc95265090892f0,feat/cc-compliance-audit,84f80cbc978bc5941836474c6569f87b1c0031d8,call_center_core,YES,REVIEW_REQUIRED,PASS_CURRENT_RUNTIME_SUITE,VERSION_DRIFT,RECONCILE_IN_STAGING,CAMPAIGN
call_center_compliance,/mnt/extra-addons/call_center_compliance,4e04f7458c6d5976ac9a3af2d8e27ff4042f0ab5414e3e98fb3202c95729fd72,19.0.1.0.0,installed,custom-addons/call_center_compliance,c5041814025a09d3c4a84e863dea1420a1d30eeda94a716c66c84b7305333eb0,19.0.1.0.0,c5041814025a09d3c4a84e863dea1420a1d30eeda94a716c66c84b7305333eb0,feat/cc-compliance-audit,3432c1f4a06a44fe200753955a741f0726a0ec31,call_center_lead_validation,NO,SOURCE_CI_PASS,PASS_CURRENT_RUNTIME_SUITE,CONTENT_DRIFT,RECONCILE_IN_STAGING,COMPLIANCE
call_center_core,/mnt/extra-addons/call_center_core,38c484481ea301431ba599accb6c562179f0ec7b6b9418998e40e95567b6a3a0,19.0.2.0.2,installed,custom-addons/call_center_core,756f6e4a2a0a6a74bccdb213e7df81cecd9e0b39009c66ffe26d4ef11d80a592,19.0.2.0.2,756f6e4a2a0a6a74bccdb213e7df81cecd9e0b39009c66ffe26d4ef11d80a592,feat/cc-compliance-audit,3e6c621c58146f4da74772415ed9e780e1c022c3,base;mail;crm;contacts;hr;resource,YES,SOURCE_CI_PASS,PASS_CURRENT_RUNTIME_SUITE,CONTENT_DRIFT,RECONCILE_IN_STAGING,CORE_BUSINESS
call_center_lead_validation,/mnt/extra-addons/call_center_lead_validation,fd8edac28e4a156a101f1fd67ed37b431e61da62b1651b243c85931a3af1a13d,19.0.1.1.0,installed,custom-addons/call_center_lead_validation,37fe755089ed6aa0f1facf6612e0620e4e09f2b4f8bd16e360cd902a240a6caa,19.0.1.1.0,37fe755089ed6aa0f1facf6612e0620e4e09f2b4f8bd16e360cd902a240a6caa,feat/cc-compliance-audit,3432c1f4a06a44fe200753955a741f0726a0ec31,call_center_campaign;phone_validation,NO,SOURCE_CI_PASS,PASS_CURRENT_RUNTIME_SUITE,CONTENT_DRIFT,RECONCILE_IN_STAGING,CRM
call_center_orchestration,/mnt/extra-addons/call_center_orchestration,69bf38d3963f0a352120a6d9416a148eb46b54e9aa275d19f365d253f3b2fddf,19.0.1.0.0,installed,custom-addons/call_center_orchestration,023f35ed55a11c2d27c52cb28faaf1e6cd34d0453ca9fc9bd87d6f5c91148eea,19.0.1.0.0,023f35ed55a11c2d27c52cb28faaf1e6cd34d0453ca9fc9bd87d6f5c91148eea,feat/cc-compliance-audit,3e6c621c58146f4da74772415ed9e780e1c022c3,call_center_core;call_center_campaign;call_center_lead_validation;call_center_compliance,NO,SOURCE_CI_PASS,PASS_CURRENT_RUNTIME_SUITE,CONTENT_DRIFT,RECONCILE_IN_STAGING,INTEGRATION_BOUNDARY
codestra,/mnt/extra-addons/codestra,183c7586f0be5441ed77fbfc485407f973383b7887b97fcf2002ebfb8a6eb983,19.0.1.0.0,installed,custom-addons/codestra,0bfe3d86f2209d2bf815c15947f4252d6a4159a085cf664c04f9cce0c8b18a02,19.0.1.0.0,0bfe3d86f2209d2bf815c15947f4252d6a4159a085cf664c04f9cce0c8b18a02,feat/cc-compliance-audit,3432c1f4a06a44fe200753955a741f0726a0ec31,call_center_orchestration,NO,SOURCE_CI_PASS,PASS_CURRENT_RUNTIME_SUITE,CONTENT_DRIFT,RECONCILE_IN_STAGING,CORE_BUSINESS
codestra_agent_onboarding,,,,absent,custom-addons/codestra_agent_onboarding,8d01cd879a1bb9f018050bafb6cd0c087aa45a41803d01d3217fada4fd35ca53,19.0.1.0.0,8d01cd879a1bb9f018050bafb6cd0c087aa45a41803d01d3217fada4fd35ca53,feat/cc-compliance-audit,5c06e713abf22d34141c5fb82b0f8d3f5d478189,codestra_cc_identity;codestra_cc_workforce;hr;mail,NO,SOURCE_CI_PASS,PASS_CURRENT_RUNTIME_SUITE,GITHUB_ONLY,INSTALL_ONLY_IF_APPROVED,WFM
codestra_ai_agent_assistant,,,,absent,custom-addons/codestra_ai_agent_assistant,b1685e7c925f496a09d28b076be5bf46ce9a004f46213d5f60b93aefdbbddc62,19.0.1.0.0,b1685e7c925f496a09d28b076be5bf46ce9a004f46213d5f60b93aefdbbddc62,feat/cc-compliance-audit,2f85eaa4ed494cfede7dd5657d5f8817de3bae3b,codestra_cc_core;codestra_cc_customer_360;codestra_cc_compliance;codestra_cc_audit;codestra_ai_core;codestra_ai_realtime_assistant;codestra_ai_qualification;codestra_ai_review;mail,NO,SOURCE_CI_PASS,PASS_CURRENT_RUNTIME_SUITE,GITHUB_ONLY,INSTALL_ONLY_IF_APPROVED,AI_ADVISORY
codestra_ai_call_audit,/mnt/extra-addons/codestra_ai_call_audit,fe01454519f93e984fcd3f40147fc3016f20177ab6af3aaf80f889acd0c5608b,19.0.1.0.0,installed,custom-addons/codestra_ai_call_audit,70b2798cecd966f88e2d1ac98e7c4818e413171d0fa13b7f08ce1f2ec5767f38,19.0.1.0.0,70b2798cecd966f88e2d1ac98e7c4818e413171d0fa13b7f08ce1f2ec5767f38,feat/cc-compliance-audit,3432c1f4a06a44fe200753955a741f0726a0ec31,codestra_ai_core,NO,SOURCE_CI_PASS,PASS_CURRENT_RUNTIME_SUITE,CONTENT_DRIFT,RECONCILE_IN_STAGING,AI_ADVISORY
codestra_ai_core,/mnt/extra-addons/codestra_ai_core,da8f751f02507f46390d88fe86a2be1f43f554e0c272929ff09980e4cd4a1058,19.0.1.0.0,installed,custom-addons/codestra_ai_core,7d18fc1e85515bd4d4bdd03c985364c4ed317f392bbe49a66338d1f86e904116,19.0.1.0.0,7d18fc1e85515bd4d4bdd03c985364c4ed317f392bbe49a66338d1f86e904116,feat/cc-compliance-audit,3432c1f4a06a44fe200753955a741f0726a0ec31,call_center_core;call_center_campaign;codestra,NO,SOURCE_CI_PASS,PASS_CURRENT_RUNTIME_SUITE,CONTENT_DRIFT,RECONCILE_IN_STAGING,AI_ADVISORY
codestra_ai_qualification,/mnt/extra-addons/codestra_ai_qualification,c20a13219678d05d2ba12784318ec7fc2ece0fa13cfd432e4095796e19ba2ada,19.0.1.0.0,installed,custom-addons/codestra_ai_qualification,b52f61522edbf47d29e4f253dc2de1436e36b65e080df385eabd6755c11c62ee,19.0.1.0.0,b52f61522edbf47d29e4f253dc2de1436e36b65e080df385eabd6755c11c62ee,feat/cc-compliance-audit,3432c1f4a06a44fe200753955a741f0726a0ec31,codestra_ai_core,NO,SOURCE_CI_PASS,PASS_CURRENT_RUNTIME_SUITE,CONTENT_DRIFT,RECONCILE_IN_STAGING,AI_ADVISORY
codestra_ai_realtime_assistant,/mnt/extra-addons/codestra_ai_realtime_assistant,e22306b4086a79ad46545007d3b6512c423cc34ce374d514530647f7451a8834,19.0.1.0.0,installed,custom-addons/codestra_ai_realtime_assistant,ed8f91e37c83e99d460bc0a0ff7e19393705e2e0b2d726b5ab810e181987ded5,19.0.1.0.0,ed8f91e37c83e99d460bc0a0ff7e19393705e2e0b2d726b5ab810e181987ded5,feat/cc-compliance-audit,3432c1f4a06a44fe200753955a741f0726a0ec31,codestra_ai_core,NO,SOURCE_CI_PASS,PASS_CURRENT_RUNTIME_SUITE,CONTENT_DRIFT,RECONCILE_IN_STAGING,AI_ADVISORY
codestra_ai_review,/mnt/extra-addons/codestra_ai_review,aa8a1a3dce8d0cde807bcc4ad2193ca057d730f654dabee0754d53931f887ad2,19.0.1.0.0,installed,custom-addons/codestra_ai_review,b746045cfd6c22af29f60265830e7df4454c0f1dfbc604f82edd0d38ed585e28,19.0.1.0.0,b746045cfd6c22af29f60265830e7df4454c0f1dfbc604f82edd0d38ed585e28,feat/cc-compliance-audit,3432c1f4a06a44fe200753955a741f0726a0ec31,codestra_ai_core,NO,SOURCE_CI_PASS,PASS_CURRENT_RUNTIME_SUITE,CONTENT_DRIFT,RECONCILE_IN_STAGING,AI_ADVISORY
codestra_analytics_reporting,/mnt/extra-addons/codestra_analytics_reporting,e19d83459d33c9536465e7b906ac75c7fee016e8788da054be8602a01ecbf586,19.0.1.0.0,installed,custom-addons/codestra_analytics_reporting,b923912ff3e3a4d0e43b1f5f76dd28671feb26b5c402bd3a566014d602b03aab,19.0.1.0.0,b923912ff3e3a4d0e43b1f5f76dd28671feb26b5c402bd3a566014d602b03aab,feat/cc-compliance-audit,3432c1f4a06a44fe200753955a741f0726a0ec31,codestra;call_center_orchestration;codestra_daily_reporting,NO,SOURCE_CI_PASS,PASS_CURRENT_RUNTIME_SUITE,CONTENT_DRIFT,RECONCILE_IN_STAGING,REPORTING
codestra_appointments,/mnt/extra-addons/codestra_appointments,04454932f83c61165ef58109ea005b697a2e6c087864fbe92a79bbf6416b29ed,19.0.3.0.0,installed,custom-addons/codestra_appointments,0f26312489d6895479228ae09e7d9e2cc7a43940bb3764ebdbf43c3646abdf9c,19.0.3.2.0,0f26312489d6895479228ae09e7d9e2cc7a43940bb3764ebdbf43c3646abdf9c,feat/cc-compliance-audit,b604e87f044cc701c4f2499e07788860d068c91e,call_center_orchestration;codestra_vicidial_crm;codestra,YES,SOURCE_CI_PASS,PASS_CURRENT_RUNTIME_SUITE,VERSION_DRIFT,RECONCILE_IN_STAGING,CALLBACK_APPOINTMENT
codestra_base,/mnt/extra-addons/codestra_base,b8cd45836227490e1c692314ef8ad5a7c26c331af942891f368a0356961b9f10,19.0.1.0.0,installed,custom-addons/codestra_base,2e22ef0267c24d1053f4a29e50618d09ebbe4878773320293023a052c5a91a62,19.0.1.0.0,2e22ef0267c24d1053f4a29e50618d09ebbe4878773320293023a052c5a91a62,feat/cc-compliance-audit,3432c1f4a06a44fe200753955a741f0726a0ec31,base;mail;web,NO,SOURCE_CI_PASS,PASS_CURRENT_RUNTIME_SUITE,CONTENT_DRIFT,RECONCILE_IN_STAGING,CORE_BUSINESS
codestra_campaign_crm_os,/mnt/extra-addons/codestra_campaign_crm_os,97eaed9ef30f8766e8300107b71d4176d7064329226824f320f56f2d88cb6704,19.0.1.2.1,installed,custom-addons/codestra_campaign_crm_os,e298f6ebd42958a6aa5e36c56e0af2d6246ff79c997cac903d116cba27d7a8a7,19.0.1.3.0,e298f6ebd42958a6aa5e36c56e0af2d6246ff79c997cac903d116cba27d7a8a7,feat/cc-compliance-audit,f8318be2b09eb84249c30759f70f1b6600fb394e,call_center_campaign;codestra_appointments;codestra_data_quality;mail,YES,SOURCE_CI_PASS,PASS_CURRENT_RUNTIME_SUITE,VERSION_DRIFT,RECONCILE_IN_STAGING,CAMPAIGN
codestra_campaign_publishing,,,,absent,custom-addons/codestra_campaign_publishing,5e2800ca9d1977f645c2ea753aa45657936ddec25600f254a8c8ba83b6b450e3,19.0.1.0.0,5e2800ca9d1977f645c2ea753aa45657936ddec25600f254a8c8ba83b6b450e3,feat/cc-compliance-audit,b05fce60adb6470aa4aca7c662f67621052e424e,codestra_cc_campaign;call_center_campaign;codestra_staging_campaign_design;codestra_cc_audit,NO,SOURCE_CI_PASS,PASS_CURRENT_RUNTIME_SUITE,GITHUB_ONLY,INSTALL_ONLY_IF_APPROVED,CAMPAIGN
codestra_case_management,,,,absent,custom-addons/codestra_case_management,378fc5aa7c45855bf6a90a5d37ea4d72fa34eaa56abb91d01aef4ba952eab848,19.0.1.0.0,378fc5aa7c45855bf6a90a5d37ea4d72fa34eaa56abb91d01aef4ba952eab848,feat/cc-compliance-audit,9513d813bdebaaac58fe5f1b45131898df81fcad,codestra_cc_core;codestra_cc_campaign;codestra_cc_compliance;codestra_cc_audit;mail;crm;contacts,NO,SOURCE_CI_PASS,PASS_CURRENT_RUNTIME_SUITE,GITHUB_ONLY,INSTALL_ONLY_IF_APPROVED,CRM
codestra_cc_agent_desktop,,,,absent,custom-addons/codestra_cc_agent_desktop,fd893ff97b2d47b530894e47491e9c5f364e13c1dc9246c6c5a7db7a78bb48d1,19.0.1.1.0,fd893ff97b2d47b530894e47491e9c5f364e13c1dc9246c6c5a7db7a78bb48d1,feat/cc-compliance-audit,f512051c4c573dc668f64617e5eba21f3a293838,codestra_cc_vicidial;codestra_cc_crm;codestra_cc_helpdesk;codestra_interaction_workflow;web;crm;contacts,NO,SOURCE_CI_PASS,PASS_CURRENT_RUNTIME_SUITE,GITHUB_ONLY,INSTALL_ONLY_IF_APPROVED,CORE_BUSINESS
codestra_cc_analytics,,,,absent,custom-addons/codestra_cc_analytics,a37e97baa9ee404b003f382c6647d3b4cea9ae11f4a6a4b828aeed3a5744d377,19.0.1.0.0,a37e97baa9ee404b003f382c6647d3b4cea9ae11f4a6a4b828aeed3a5744d377,feat/cc-compliance-audit,cd1c774584614e125c6ab49aacf750452e74267a,codestra_analytics_reporting;codestra_daily_reporting;codestra_revenue_assurance;codestra_cc_workforce;codestra_cc_quality;codestra_cc_omnichannel,NO,SOURCE_CI_PASS,PASS_CURRENT_RUNTIME_SUITE,GITHUB_ONLY,INSTALL_ONLY_IF_APPROVED,REPORTING
codestra_cc_audit,,,,absent,custom-addons/codestra_cc_audit,3b5e3bc34a234d79a8628b02a0c4bcdb80c3fff32b6459614fdd523d01bcc468,19.0.2.0.0,3b5e3bc34a234d79a8628b02a0c4bcdb80c3fff32b6459614fdd523d01bcc468,feat/cc-compliance-audit,672b94bd457c5468da0078139d558a2cfa70324f,codestra_cc_core;codestra_cc_security;call_center_core;codestra_integration_hub,NO,SOURCE_CI_PASS,PASS_CURRENT_RUNTIME_SUITE,GITHUB_ONLY,INSTALL_ONLY_IF_APPROVED,COMPLIANCE
codestra_cc_automation,,,,absent,custom-addons/codestra_cc_automation,f05dbb99327a6b7b9b18d637e63dc56b2ed5f15582a1cc4e323a3fcbfbf8eedf,19.0.1.0.0,f05dbb99327a6b7b9b18d637e63dc56b2ed5f15582a1cc4e323a3fcbfbf8eedf,feat/cc-compliance-audit,e057864a69c109fd715a078e389ab05b4dd196ac,codestra_cc_reliability;call_center_orchestration;codestra_lead_automation;codestra_social_orchestration;codestra_integration_hub,NO,SOURCE_CI_PASS,PASS_CURRENT_RUNTIME_SUITE,GITHUB_ONLY,INSTALL_ONLY_IF_APPROVED,INTEGRATION_BOUNDARY
codestra_cc_calls,,,,absent,custom-addons/codestra_cc_calls,8fab8664e9a42d6e94cf7f4c3053ee0de7a6b1eafe244a1d1a3807b01d815fe8,19.0.1.0.0,8fab8664e9a42d6e94cf7f4c3053ee0de7a6b1eafe244a1d1a3807b01d815fe8,feat/cc-compliance-audit,e2422613ef98d618a5e386dbe9435f2361b75237,codestra_cc_crm;codestra_cc_disposition;codestra_appointments,NO,SOURCE_CI_PASS,PASS_CURRENT_RUNTIME_SUITE,GITHUB_ONLY,INSTALL_ONLY_IF_APPROVED,CALLBACK_APPOINTMENT
codestra_cc_campaign,,,,absent,custom-addons/codestra_cc_campaign,06e618140a401a0f359d227cb286d6d2d4a3b5064aff021e3b2efc29c25ae10b,19.0.1.0.0,06e618140a401a0f359d227cb286d6d2d4a3b5064aff021e3b2efc29c25ae10b,feat/cc-compliance-audit,b05fce60adb6470aa4aca7c662f67621052e424e,codestra_cc_core;call_center_campaign;codestra_campaign_crm_os;codestra_staging_campaign_design,NO,SOURCE_CI_PASS,PASS_CURRENT_RUNTIME_SUITE,GITHUB_ONLY,INSTALL_ONLY_IF_APPROVED,CAMPAIGN
codestra_cc_compliance,,,,absent,custom-addons/codestra_cc_compliance,dc9b64589e6c0f9e74450f43925ab524145fc466af7111333b3b2f9d964462d8,19.0.2.0.0,dc9b64589e6c0f9e74450f43925ab524145fc466af7111333b3b2f9d964462d8,feat/cc-compliance-audit,672b94bd457c5468da0078139d558a2cfa70324f,codestra_cc_security;codestra_cc_crm;codestra_cc_calls;codestra_cc_recordings;codestra_cc_wfm;codestra_vicidial_crm;call_center_compliance;codestra_cc_audit,NO,SOURCE_CI_PASS,PASS_CURRENT_RUNTIME_SUITE,GITHUB_ONLY,INSTALL_ONLY_IF_APPROVED,COMPLIANCE
codestra_cc_core,,,,absent,custom-addons/codestra_cc_core,882533b8784d4f14323a2dc8e089de35bfdf724a46b62c18f31ffd138f4a92f0,19.0.2.0.0,882533b8784d4f14323a2dc8e089de35bfdf724a46b62c18f31ffd138f4a92f0,feat/cc-compliance-audit,75fdae200db0e3bd920544db0f9e4b436a717e3f,call_center_core;codestra_interaction_workflow;codestra_vicidial_crm,NO,SOURCE_CI_PASS,PASS_CURRENT_RUNTIME_SUITE,GITHUB_ONLY,INSTALL_ONLY_IF_APPROVED,CORE_BUSINESS
codestra_cc_crm,,,,absent,custom-addons/codestra_cc_crm,b80c2747bc11d74c8304a18d29c1df2185f0dc85c1365d77193bff267d26fc71,19.0.1.0.0,b80c2747bc11d74c8304a18d29c1df2185f0dc85c1365d77193bff267d26fc71,feat/cc-compliance-audit,f512051c4c573dc668f64617e5eba21f3a293838,codestra_cc_identity;codestra_cc_mail;call_center_campaign;codestra_campaign_crm_os;crm;mail,NO,SOURCE_CI_PASS,PASS_CURRENT_RUNTIME_SUITE,GITHUB_ONLY,INSTALL_ONLY_IF_APPROVED,CRM
codestra_cc_customer_360,,,,absent,custom-addons/codestra_cc_customer_360,82bca90e3fcfce4b1bcd12f49f4907152329787a7520c852fdfa185156fd4eea,19.0.1.1.0,82bca90e3fcfce4b1bcd12f49f4907152329787a7520c852fdfa185156fd4eea,feat/cc-compliance-audit,f512051c4c573dc668f64617e5eba21f3a293838,codestra_cc_core;codestra_cc_crm;codestra_cc_helpdesk;codestra_interaction_workflow;codestra_mail_inbox;crm;contacts;mail,NO,SOURCE_CI_PASS,PASS_CURRENT_RUNTIME_SUITE,GITHUB_ONLY,INSTALL_ONLY_IF_APPROVED,CRM
codestra_cc_disposition,,,,absent,custom-addons/codestra_cc_disposition,88370a89929d7e63d32a18e24f6f97731338b0c1ec4f1d13ce40e5e683e40296,19.0.2.0.0,88370a89929d7e63d32a18e24f6f97731338b0c1ec4f1d13ce40e5e683e40296,feat/cc-compliance-audit,789998ae32c26f005d63b3d84cb2c32304c8da64,codestra_cc_campaign;codestra_cc_identity;codestra_cc_vicidial;call_center_campaign;codestra_vicidial_crm,NO,SOURCE_CI_PASS,PASS_CURRENT_RUNTIME_SUITE,GITHUB_ONLY,INSTALL_ONLY_IF_APPROVED,CAMPAIGN
codestra_cc_helpdesk,,,,absent,custom-addons/codestra_cc_helpdesk,941d91eadcfe8dbb7525497f4bd9cc7553ce32eeff1e51dd0fcdfd413b661ce7,19.0.1.0.0,941d91eadcfe8dbb7525497f4bd9cc7553ce32eeff1e51dd0fcdfd413b661ce7,feat/cc-compliance-audit,f512051c4c573dc668f64617e5eba21f3a293838,codestra_cc_crm;codestra_cc_mail;mail,NO,SOURCE_CI_PASS,PASS_CURRENT_RUNTIME_SUITE,GITHUB_ONLY,INSTALL_ONLY_IF_APPROVED,CORE_BUSINESS
codestra_cc_identity,,,,absent,custom-addons/codestra_cc_identity,81b3fb9fe333f8bb38903bbaf47c2c82bb074960ce28ea8c7be292b0949b7be7,19.0.2.0.0,81b3fb9fe333f8bb38903bbaf47c2c82bb074960ce28ea8c7be292b0949b7be7,feat/cc-compliance-audit,f7da735101b05f934e2319464a8ee0271c4700a1,codestra_cc_core;codestra_cc_security;codestra_cc_workforce;codestra_identity_provisioning;codestra_cc_audit;web,NO,SOURCE_CI_PASS,PASS_CURRENT_RUNTIME_SUITE,GITHUB_ONLY,INSTALL_ONLY_IF_APPROVED,IDENTITY
codestra_cc_mail,,,,absent,custom-addons/codestra_cc_mail,6384c52cea93a1cb47ad132a618925cd5d5898a2edff9e03a4d12a046362b229,19.0.1.0.0,6384c52cea93a1cb47ad132a618925cd5d5898a2edff9e03a4d12a046362b229,feat/cc-compliance-audit,4ad517f38ec61a9cf996f9a81a76d7362e24014c,codestra_cc_identity;codestra_mail_inbox;mail,NO,SOURCE_CI_PASS,PASS_CURRENT_RUNTIME_SUITE,GITHUB_ONLY,INSTALL_ONLY_IF_APPROVED,EMAIL_PROJECTION
codestra_cc_mailbox,,,,absent,custom-addons/codestra_cc_mailbox,318f8438d1345a3c691b960ee3d281d4d3e0b1a417de555b0180544127952315,19.0.1.1.0,318f8438d1345a3c691b960ee3d281d4d3e0b1a417de555b0180544127952315,feat/cc-compliance-audit,4ad517f38ec61a9cf996f9a81a76d7362e24014c,codestra_cc_identity;codestra_cc_campaign;codestra_identity_provisioning;codestra_mail_inbox;codestra_cc_mail,NO,SOURCE_CI_PASS,PASS_CURRENT_RUNTIME_SUITE,GITHUB_ONLY,INSTALL_ONLY_IF_APPROVED,EMAIL_PROJECTION
codestra_cc_omnichannel,,,,absent,custom-addons/codestra_cc_omnichannel,d2896e1b900f2ba48c34aa1100a2abd0a06abd1019215bec19003969040778fb,19.0.1.0.0,d2896e1b900f2ba48c34aa1100a2abd0a06abd1019215bec19003969040778fb,feat/cc-compliance-audit,e057864a69c109fd715a078e389ab05b4dd196ac,codestra_cc_customer_360;codestra_cc_compliance;codestra_cc_reliability;codestra_mail_inbox;codestra_integration_hub,NO,SOURCE_CI_PASS,PASS_CURRENT_RUNTIME_SUITE,GITHUB_ONLY,INSTALL_ONLY_IF_APPROVED,CORE_BUSINESS
codestra_cc_quality,,,,absent,custom-addons/codestra_cc_quality,56a0a204b164e42474ef42e01c6a463b3b88a30a726b6914201f15a75d01cc8a,19.0.2.0.0,56a0a204b164e42474ef42e01c6a463b3b88a30a726b6914201f15a75d01cc8a,feat/cc-compliance-audit,3e076be656e59883323b8b8a6c687468569622f8,codestra_cc_recordings;codestra_ai_call_audit;codestra_ai_review;codestra_transcription;codestra_cc_audit,NO,SOURCE_CI_PASS,PASS_CURRENT_RUNTIME_SUITE,GITHUB_ONLY,INSTALL_ONLY_IF_APPROVED,COMPLIANCE
codestra_cc_recordings,,,,absent,custom-addons/codestra_cc_recordings,829f76efce8f4700c95292207042ad07f5e12005f0883703fe30118a63a01e8e,19.0.1.0.0,829f76efce8f4700c95292207042ad07f5e12005f0883703fe30118a63a01e8e,feat/cc-compliance-audit,c009b015b664e1268a862815891c0582ab716472,codestra_cc_calls;codestra_cc_vicidial;codestra_vicidial_recording,NO,SOURCE_CI_PASS,PASS_CURRENT_RUNTIME_SUITE,GITHUB_ONLY,INSTALL_ONLY_IF_APPROVED,TELEPHONY_PROJECTION
codestra_cc_reliability,,,,absent,custom-addons/codestra_cc_reliability,1720b471398f457658e9d2f320d3e3c4b8cceb1b63fef363d940f1c770182434,19.0.1.0.0,1720b471398f457658e9d2f320d3e3c4b8cceb1b63fef363d940f1c770182434,feat/cc-compliance-audit,c80e196d0263ea92a9f16a6008afc1488b0d8558,codestra_cc_core;codestra_integration_hub;codestra_middleware_bridge;call_center_orchestration,NO,SOURCE_CI_PASS,PASS_CURRENT_RUNTIME_SUITE,GITHUB_ONLY,INSTALL_ONLY_IF_APPROVED,CORE_BUSINESS
codestra_cc_reporting,,,,absent,custom-addons/codestra_cc_reporting,6259613be44fb361fe2276550b7b6b152f460813615c28b4dc7f980993e0c8b4,19.0.1.0.0,6259613be44fb361fe2276550b7b6b152f460813615c28b4dc7f980993e0c8b4,feat/cc-compliance-audit,34cd35fa6cd80abcd5e5683b96ed00e950d3f29e,codestra_cc_wfm;codestra_cc_quality;codestra_cc_calls;codestra_cc_mail;codestra_cc_helpdesk;codestra_cc_analytics,NO,SOURCE_CI_PASS,PASS_CURRENT_RUNTIME_SUITE,GITHUB_ONLY,INSTALL_ONLY_IF_APPROVED,REPORTING
codestra_cc_security,,,,absent,custom-addons/codestra_cc_security,215b2e5365fdd581f04ff45ee975d2c5a0a57538a96ba6ddaf97cce7a912ff86,19.0.1.0.0,215b2e5365fdd581f04ff45ee975d2c5a0a57538a96ba6ddaf97cce7a912ff86,feat/cc-compliance-audit,f7da735101b05f934e2319464a8ee0271c4700a1,codestra_cc_core,NO,SOURCE_CI_PASS,PASS_CURRENT_RUNTIME_SUITE,GITHUB_ONLY,INSTALL_ONLY_IF_APPROVED,CORE_BUSINESS
codestra_cc_supervisor,,,,absent,custom-addons/codestra_cc_supervisor,0a376817363c50f3d19f90a911b6f302d804530d94cf04e439d611ac7d024279,19.0.1.0.0,0a376817363c50f3d19f90a911b6f302d804530d94cf04e439d611ac7d024279,feat/cc-compliance-audit,6a74b3cc75b6d6934878515da8ed847fd12fede1,codestra_cc_vicidial;codestra_telephony_bridge;codestra_ivr_control;codestra_cc_audit,NO,SOURCE_CI_PASS,PASS_CURRENT_RUNTIME_SUITE,GITHUB_ONLY,INSTALL_ONLY_IF_APPROVED,CORE_BUSINESS
codestra_cc_vicidial,,,,absent,custom-addons/codestra_cc_vicidial,6b2d58b08172cce7090dc2b9627ba50ee937d2daf62979b0b65dd9161316c849,19.0.2.0.0,6b2d58b08172cce7090dc2b9627ba50ee937d2daf62979b0b65dd9161316c849,feat/cc-compliance-audit,d00d8a4f84624015190d342e1ad3a5eabbc12ec2,codestra_cc_core;codestra_cc_security;codestra_cc_reliability;codestra_vicidial_crm;codestra_vicidial_connector;codestra_telephony_bridge;codestra_vicidial_recording,NO,SOURCE_CI_PASS,PASS_CURRENT_RUNTIME_SUITE,GITHUB_ONLY,INSTALL_ONLY_IF_APPROVED,TELEPHONY_PROJECTION
codestra_cc_wfm,,,,absent,custom-addons/codestra_cc_wfm,5a45db11fbe5f78033b75419eec184e6f91fd7a1de56616d0676cfde506df13b,19.0.1.0.0,5a45db11fbe5f78033b75419eec184e6f91fd7a1de56616d0676cfde506df13b,feat/cc-compliance-audit,292f035eb3ea637421ddd7af565fecf95fd58d83,codestra_cc_security;codestra_cc_calls;codestra_cc_quality;codestra_cc_vicidial;codestra_cc_workforce,NO,SOURCE_CI_PASS,PASS_CURRENT_RUNTIME_SUITE,GITHUB_ONLY,INSTALL_ONLY_IF_APPROVED,WFM
codestra_cc_workforce,,,,absent,custom-addons/codestra_cc_workforce,01dd34547f0bac22d041fdbcc84fca54c0853fd8d0fe518e6903a61e48167f3e,19.0.1.0.0,01dd34547f0bac22d041fdbcc84fca54c0853fd8d0fe518e6903a61e48167f3e,feat/cc-compliance-audit,2136c37aa86f8e616d4ad9c33d3e2cb3c34b8863,codestra_cc_core;codestra_cc_vicidial;hr;hr_attendance;resource;mail,NO,SOURCE_CI_PASS,PASS_CURRENT_RUNTIME_SUITE,GITHUB_ONLY,INSTALL_ONLY_IF_APPROVED,WFM
codestra_client_operations,,,,absent,custom-addons/codestra_client_operations,32e1485ea0dc7fd037d2b1d01eb54a5920ba486256063f7851fa2ecc99d9a411,19.0.1.0.0,32e1485ea0dc7fd037d2b1d01eb54a5920ba486256063f7851fa2ecc99d9a411,feat/cc-compliance-audit,5c06e713abf22d34141c5fb82b0f8d3f5d478189,codestra_cc_core;codestra_cc_campaign;codestra_case_management;call_center_campaign;contacts;mail,NO,SOURCE_CI_PASS,PASS_CURRENT_RUNTIME_SUITE,GITHUB_ONLY,INSTALL_ONLY_IF_APPROVED,CRM
codestra_client_portal,,,,absent,custom-addons/codestra_client_portal,c6117cd8b2c90511f14d6ac50d955dc2121b522efb8038bc7054a2234b77424d,19.0.1.0.0,c6117cd8b2c90511f14d6ac50d955dc2121b522efb8038bc7054a2234b77424d,feat/cc-compliance-audit,2f85eaa4ed494cfede7dd5657d5f8817de3bae3b,portal;website;codestra_client_operations;codestra_revenue_assurance;codestra_cc_analytics,NO,SOURCE_CI_PASS,PASS_CURRENT_RUNTIME_SUITE,GITHUB_ONLY,INSTALL_ONLY_IF_APPROVED,PORTAL
codestra_daily_reporting,/mnt/extra-addons/codestra_daily_reporting,94a92735c62fab438da62486c95b1ec866b01e67888a0fcef4ef53dbbc91d96b,19.0.1.0.0,installed,custom-addons/codestra_daily_reporting,4dd437135160a9dee9d1cb5d2d5ca2285aeefcd4f0c92d62ac78dfa407adb7aa,19.0.1.0.0,4dd437135160a9dee9d1cb5d2d5ca2285aeefcd4f0c92d62ac78dfa407adb7aa,feat/cc-compliance-audit,3432c1f4a06a44fe200753955a741f0726a0ec31,codestra_ai_core;call_center_orchestration,NO,SOURCE_CI_PASS,PASS_CURRENT_RUNTIME_SUITE,CONTENT_DRIFT,RECONCILE_IN_STAGING,REPORTING
codestra_data_quality,,,,absent,custom-addons/codestra_data_quality,b1a1dc85badfdaa3bda7420b139ddf72c09b48b2c4b76bdb0d0c4f7e3f423e59,19.0.1.0.0,b1a1dc85badfdaa3bda7420b139ddf72c09b48b2c4b76bdb0d0c4f7e3f423e59,feat/cc-compliance-audit,5c06e713abf22d34141c5fb82b0f8d3f5d478189,codestra_cc_core;call_center_lead_validation;codestra_lead_ingestion;codestra_cc_audit;crm;contacts;mail,NO,SOURCE_CI_PASS,PASS_CURRENT_RUNTIME_SUITE,GITHUB_ONLY,INSTALL_ONLY_IF_APPROVED,REPORTING
codestra_identity_provisioning,/mnt/extra-addons/codestra_identity_provisioning,4e1860e505e88f6c040e1fcddc742b083e7e17e5eb6fd3163ebf8496e6b96bbe,19.0.1.1.2,installed,custom-addons/codestra_identity_provisioning,481d8870404cd3cecc6a05721434b5f548f7c1452c1a514e9f7c44c138956875,19.0.1.1.2,481d8870404cd3cecc6a05721434b5f548f7c1452c1a514e9f7c44c138956875,feat/cc-compliance-audit,f8318be2b09eb84249c30759f70f1b6600fb394e,base;mail;contacts;hr;auth_signup;web;codestra_base;call_center_core;call_center_campaign,NO,SOURCE_CI_PASS,PASS_CURRENT_RUNTIME_SUITE,CONTENT_DRIFT,RECONCILE_IN_STAGING,IDENTITY
codestra_integration_hub,/mnt/extra-addons/codestra_integration_hub,02a68b75b54b925830d151d64053096f0bd40d10b08bfa0cd49377cefd8430ff,19.0.1.0.0,installed,custom-addons/codestra_integration_hub,e46b22a0c9c0c6c095c8b6d08c6dea64aadb0770b99a65952a3969aaf2d5ebfc,19.0.1.0.1,e46b22a0c9c0c6c095c8b6d08c6dea64aadb0770b99a65952a3969aaf2d5ebfc,feat/cc-compliance-audit,3e6c621c58146f4da74772415ed9e780e1c022c3,codestra_base;codestra_vicidial_crm;mail,NO,SOURCE_CI_PASS,PASS_CURRENT_RUNTIME_SUITE,VERSION_DRIFT,RECONCILE_IN_STAGING,INTEGRATION_BOUNDARY
codestra_interaction_workflow,,ABSENT,19.0.1.0.0,uninstalled,custom-addons/codestra_interaction_workflow,a2efc9d331e4456ac8af4264a0711125b836c00f15e5f432c389b9ed02dd9514,19.0.1.0.0,a2efc9d331e4456ac8af4264a0711125b836c00f15e5f432c389b9ed02dd9514,feat/cc-compliance-audit,3432c1f4a06a44fe200753955a741f0726a0ec31,web;call_center_campaign,NO,SOURCE_CI_PASS,PASS_CURRENT_RUNTIME_SUITE,GITHUB_ONLY,INSTALL_ONLY_IF_APPROVED,CRM
codestra_ivr_control,/mnt/extra-addons/codestra_ivr_control,67ff23cf5a560b4b917b03fe67366de11fc23570f6bed3f01bc46862bab3e0f9,19.0.1.0.0,installed,custom-addons/codestra_ivr_control,408b9ea9d7115d383f6a7929990ff36c5e1e3bc334d557f88ff7cee805f36ada,19.0.1.0.0,408b9ea9d7115d383f6a7929990ff36c5e1e3bc334d557f88ff7cee805f36ada,feat/cc-compliance-audit,3432c1f4a06a44fe200753955a741f0726a0ec31,codestra;call_center_orchestration;codestra_appointments,NO,SOURCE_CI_PASS,PASS_CURRENT_RUNTIME_SUITE,CONTENT_DRIFT,RECONCILE_IN_STAGING,TELEPHONY_PROJECTION
codestra_lead_automation,,ABSENT,19.0.1.0.0,uninstalled,custom-addons/codestra_lead_automation,cf1c22032edea0eea460512ff5f2b07f358fd2904055c76586251b054344aacb,19.0.2.0.0,cf1c22032edea0eea460512ff5f2b07f358fd2904055c76586251b054344aacb,feat/cc-compliance-audit,3e6c621c58146f4da74772415ed9e780e1c022c3,crm;call_center_compliance;call_center_orchestration;codestra_telephony_bridge,NO,SOURCE_CI_PASS,PASS_CURRENT_RUNTIME_SUITE,GITHUB_ONLY,INSTALL_ONLY_IF_APPROVED,CRM
codestra_lead_ingestion,/mnt/extra-addons/codestra_lead_ingestion,78d84854c1d9ca585270e501c1ae57ce286c5dde23f0e1bcbd9b6fae5e002b02,19.0.1.0.0,installed,custom-addons/codestra_lead_ingestion,187c680a0987e079b05fcca0da3d0b9e953092d1635224ed3560fe10cbaf7107,19.0.1.0.0,187c680a0987e079b05fcca0da3d0b9e953092d1635224ed3560fe10cbaf7107,feat/cc-compliance-audit,3e6c621c58146f4da74772415ed9e780e1c022c3,base;mail;contacts;crm;call_center_campaign;call_center_compliance;call_center_lead_validation;codestra_integration_hub,NO,SOURCE_CI_PASS,PASS_CURRENT_RUNTIME_SUITE,CONTENT_DRIFT,RECONCILE_IN_STAGING,CRM
codestra_login_branding,,,,absent,custom-addons/codestra_login_branding,22d32e1a61fcdea1f3c22fec2f506fb1e6e9518e1abd1fe8a0fa8777e6610c68,19.0.1.0.0,22d32e1a61fcdea1f3c22fec2f506fb1e6e9518e1abd1fe8a0fa8777e6610c68,feat/cc-compliance-audit,c89b16fb664a63c54465cbb929ee0251a0c6e35c,web,NO,SOURCE_CI_PASS,PASS_CURRENT_RUNTIME_SUITE,GITHUB_ONLY,INSTALL_ONLY_IF_APPROVED,IDENTITY
codestra_mail_inbox,,NOT_CAPTURED_SHARED_PATH,19.0.1.1.0,installed,custom-addons/codestra_mail_inbox,0043d507f8e95d50a1f3760e57c44cce0047fddb13afcbe7dc6518784e6eb37a,19.0.1.2.0,0043d507f8e95d50a1f3760e57c44cce0047fddb13afcbe7dc6518784e6eb37a,feat/cc-compliance-audit,3e6c621c58146f4da74772415ed9e780e1c022c3,base;mail,YES,SOURCE_CI_PASS,PASS_CURRENT_RUNTIME_SUITE,SENSITIVE_EXCLUDED,RECONCILE_IN_STAGING,EMAIL_PROJECTION
codestra_middleware_bridge,/mnt/extra-addons/codestra_middleware_bridge,c2093f3cf0cc01e505649d153399e7dd9fbbb21d0d385baa98493dc20358f568,19.0.1.0.1,installed,custom-addons/codestra_middleware_bridge,f7cff4e491829f27d6a1f44cc25670716b0a32fd281d55e8d48fa44011037741,19.0.1.0.1,f7cff4e491829f27d6a1f44cc25670716b0a32fd281d55e8d48fa44011037741,feat/cc-compliance-audit,3432c1f4a06a44fe200753955a741f0726a0ec31,contacts;crm;mail;codestra_integration_hub,NO,SOURCE_CI_PASS,PASS_CURRENT_RUNTIME_SUITE,CONTENT_DRIFT,RECONCILE_IN_STAGING,INTEGRATION_BOUNDARY
codestra_odoo_certification,,NOT_CAPTURED_SHARED_PATH,19.0.1.0.0,installed,custom-addons/codestra_odoo_certification,321a859d34a0021316e382da3ce92b4ada998d598c101e706b2ea711eb6e0f91,19.0.1.1.0,321a859d34a0021316e382da3ce92b4ada998d598c101e706b2ea711eb6e0f91,feat/cc-compliance-audit,2f85eaa4ed494cfede7dd5657d5f8817de3bae3b,call_center_campaign;codestra_vicidial_crm,NO,SOURCE_CI_PASS,PASS_CURRENT_RUNTIME_SUITE,SENSITIVE_EXCLUDED,RECONCILE_IN_STAGING,COMPATIBILITY
codestra_revenue_assurance,,,,absent,custom-addons/codestra_revenue_assurance,3cb416beac866c2b5f215b55a4371ba029adefcd59c7675bb50ade95711da663,19.0.1.0.0,3cb416beac866c2b5f215b55a4371ba029adefcd59c7675bb50ade95711da663,feat/cc-compliance-audit,5c06e713abf22d34141c5fb82b0f8d3f5d478189,codestra_client_operations;codestra_cc_reliability;call_center_campaign;account;mail,NO,SOURCE_CI_PASS,PASS_CURRENT_RUNTIME_SUITE,GITHUB_ONLY,INSTALL_ONLY_IF_APPROVED,REPORTING
codestra_social_orchestration,/mnt/extra-addons/codestra_social_orchestration,a33cfb57be960298317f925dca91aa10e25e09b0447d65b69d204013521c77db,19.0.1.0.0,uninstalled,custom-addons/codestra_social_orchestration,d0e522d388f65d44f3b41bb2d848c2c1c7b979305bd2f83b97809798176ae7a6,19.0.1.0.0,d0e522d388f65d44f3b41bb2d848c2c1c7b979305bd2f83b97809798176ae7a6,feat/cc-compliance-audit,3432c1f4a06a44fe200753955a741f0726a0ec31,codestra_base;codestra_integration_hub;mail;crm;utm,NO,SOURCE_CI_PASS,PASS_CURRENT_RUNTIME_SUITE,CONTENT_DRIFT,RECONCILE_IN_STAGING,INTEGRATION_BOUNDARY
codestra_staging_campaign_design,,ABSENT,19.0.1.0.0,uninstalled,custom-addons/codestra_staging_campaign_design,81a98f0670115bd412ecd0972867e4ba0df965ca66339584568196a5d99a94dd,19.0.1.0.0,81a98f0670115bd412ecd0972867e4ba0df965ca66339584568196a5d99a94dd,feat/cc-compliance-audit,3e6c621c58146f4da74772415ed9e780e1c022c3,call_center_campaign;call_center_lead_validation;codestra_appointments;codestra_identity_provisioning,YES,SOURCE_CI_PASS,PASS_CURRENT_RUNTIME_SUITE,GITHUB_ONLY,INSTALL_ONLY_IF_APPROVED,CAMPAIGN
codestra_telephony_bridge,,ABSENT,19.0.1.0.0,uninstalled,custom-addons/codestra_telephony_bridge,9979b84fd04b228878d0e2731f99e89bc1774d1908ac5267a6f518901f5c6a42,19.0.1.2.0,9979b84fd04b228878d0e2731f99e89bc1774d1908ac5267a6f518901f5c6a42,feat/cc-compliance-audit,3432c1f4a06a44fe200753955a741f0726a0ec31,call_center_campaign;call_center_orchestration;codestra_identity_provisioning,YES,SOURCE_CI_PASS,PASS_CURRENT_RUNTIME_SUITE,GITHUB_ONLY,INSTALL_ONLY_IF_APPROVED,TELEPHONY_PROJECTION
codestra_training_academy,,,,absent,custom-addons/codestra_training_academy,d9343759bc5caa7f0a05f3b97c45420518948d3a7f8ec261d8b2ca90ca4e01f2,19.0.1.0.0,d9343759bc5caa7f0a05f3b97c45420518948d3a7f8ec261d8b2ca90ca4e01f2,feat/cc-compliance-audit,5c06e713abf22d34141c5fb82b0f8d3f5d478189,codestra_cc_core;hr;mail,NO,SOURCE_CI_PASS,PASS_CURRENT_RUNTIME_SUITE,GITHUB_ONLY,INSTALL_ONLY_IF_APPROVED,WFM
codestra_transcription,/mnt/extra-addons/codestra_transcription,e0a2dcacce5c237b62e483e1bde031d73e2662708aa3339e38d2e1250650aaa4,19.0.1.0.0,installed,custom-addons/codestra_transcription,2682618028c31d4b5df2270526800b6765ac3dfdedcbbbc0845e8212a57d925a,19.0.1.0.0,2682618028c31d4b5df2270526800b6765ac3dfdedcbbbc0845e8212a57d925a,feat/cc-compliance-audit,3432c1f4a06a44fe200753955a741f0726a0ec31,codestra;call_center_orchestration;codestra_ai_core,NO,SOURCE_CI_PASS,PASS_CURRENT_RUNTIME_SUITE,CONTENT_DRIFT,RECONCILE_IN_STAGING,CORE_BUSINESS
codestra_vicidial_connector,/mnt/extra-addons/codestra_vicidial_connector,9e8568d818caf2f570669ab1ad3e22b41811e5de19b92474972a2fc876cb159b,19.0.1.0.0,installed,custom-addons/codestra_vicidial_connector,38d495347950217aec8e1e789de3c01ec6e2e6d9d0bba8af7700b2278e6d23af,19.0.1.0.0,38d495347950217aec8e1e789de3c01ec6e2e6d9d0bba8af7700b2278e6d23af,feat/cc-compliance-audit,3432c1f4a06a44fe200753955a741f0726a0ec31,codestra_integration_hub;codestra_vicidial_crm,NO,SOURCE_CI_PASS,PASS_CURRENT_RUNTIME_SUITE,CONTENT_DRIFT,RECONCILE_IN_STAGING,TELEPHONY_PROJECTION
codestra_vicidial_crm,/mnt/extra-addons/codestra_vicidial_crm,857c38ac3fd52201fe96d734f13c405685e63991fa9081f90539e98d4f8eb193,19.0.3.0.0,installed,custom-addons/codestra_vicidial_crm,3c23864e43ebc1c2182231041520578dc87f43c4205253f52eee36fb0b273d19,19.0.3.2.0,3c23864e43ebc1c2182231041520578dc87f43c4205253f52eee36fb0b273d19,feat/cc-compliance-audit,b78cd97a233eb501701e58d09c2491b778bcf7a6,codestra_base;call_center_core;base;contacts;crm;mail;calendar;phone_validation;web,YES,SOURCE_CI_PASS,PASS_CURRENT_RUNTIME_SUITE,VERSION_DRIFT,RECONCILE_IN_STAGING,TELEPHONY_PROJECTION
codestra_vicidial_recording,,ABSENT,19.0.1.0.0,uninstalled,custom-addons/codestra_vicidial_recording,2b3da8a22bef48a4dbd4f01f1a50593d74a497e5e8243709e55844ed5a1a6686,19.0.1.0.0,2b3da8a22bef48a4dbd4f01f1a50593d74a497e5e8243709e55844ed5a1a6686,feat/cc-compliance-audit,2c7af97d37f8b56cea34f73380bf76928d902855,base;web;codestra_vicidial_crm,NO,SOURCE_CI_PASS,PASS_CURRENT_RUNTIME_SUITE,GITHUB_ONLY,INSTALL_ONLY_IF_APPROVED,TELEPHONY_PROJECTION
