branch,head_sha,base_branch,base_sha,pr_number,pr_state,draft,commits_ahead_main,latest_ci,module_count,purpose,contains_application_code,contains_migrations,contains_security_changes,contains_api_changes,contains_business_data,classification,canonical_source_candidate,notes
architecture/middleware-write-boundary,ad5bfbfa747a995bd2142d5cc5ebf5e007fc289e,main,35d87740ac76458e3652b7d71ba2a2a6da2d8893,2,OPEN,FALSE,2,Validate Odoo source head:SUCCESS;Validate Odoo merge result:SUCCESS;Validate Odoo main push:SKIPPED,0,architecture: enforce Middleware-only Odoo writes,NO,NO,NO,NO,NO,DUPLICATE,NO,same tip: architecture/middleware-write-boundary;integration/n8n-middleware-automation-contract-v1
chore/odoo-gitops-bootstrap,9603eb587f491c34655777e2d0b565f311ab6d7a,main,6ad1456aa6e8c9f23c928c548694d981bf6dbe68,1,MERGED,FALSE,9,Validate Odoo custom addons:SUCCESS,0,chore: bootstrap secure Odoo 19 GitOps repository,NO,NO,NO,NO,NO,SUPERSEDED,NO,
crm/odoo-campaign-core,e3e542cdeedc1ae8fa6c19e8e4011ad5b1779250,main,35d87740ac76458e3652b7d71ba2a2a6da2d8893,,NO_PR,,16,NO_CHECKS,36,test(crm): add LARIMIA core security and projection gates,YES,YES,YES,YES,YES,NEEDS_SELECTIVE_PORT,NO,
docs/cc-production-gates,f6cbd368885a184ee9a0824877cc45bb25ef15be,main,35d87740ac76458e3652b7d71ba2a2a6da2d8893,,NO_PR,,121,Test exact Odoo 19 and PostgreSQL branch runtime:success;Test Odoo 19 and PostgreSQL runtime:skipped;Validate Odoo merge result:skipped;Validate Odoo source head:skipped;Validate exact Odoo branch push:success,77,docs(cc): retain final gate evidence,YES,YES,YES,YES,YES,RELEASE_EVIDENCE_ONLY,NO,
docs/odoo-contact-center-authority,f7ccff9e4a9894939e8fdd06cef10e342ff5169d,fix/cc-11-production-readiness,6dc403350da71962af28603c0bdf2e73f7f6821e,26,OPEN,TRUE,40,Validate Odoo source head:SUCCESS;Validate Odoo merge result:SUCCESS;Validate Odoo main push:SKIPPED;Test Odoo 19 and PostgreSQL runtime:SUCCESS;Test merged Odoo 19 and PostgreSQL runtime:SKIPPED,59,docs(cc): establish Odoo contact-center staging authority,YES,YES,YES,YES,YES,SUPERSEDED,NO,
feat/cc-bu-calderon,ff1e58dfdfefc6cdbfebfc0949380fd31624fd39,main,35d87740ac76458e3652b7d71ba2a2a6da2d8893,,NO_PR,,114,Test exact Odoo 19 and PostgreSQL branch runtime:success;Validate Odoo source head:skipped;Validate Odoo merge result:skipped;Test Odoo 19 and PostgreSQL runtime:skipped;Validate exact Odoo branch push:success;Test exact Odoo 19 and PostgreSQL branch runtime:success;Test Odoo 19 and PostgreSQL runtime:skipped;Validate Odoo source head:skipped;Validate Odoo merge result:skipped;Validate exact Odoo branch push:success,76,fix(cc): attach Calderon menu to call center root,YES,YES,YES,YES,YES,DUPLICATE,NO,same tip: feat/cc-bu-calderon;feat/cc-bu-calderon-farm
feat/cc-bu-calderon-farm,ff1e58dfdfefc6cdbfebfc0949380fd31624fd39,main,35d87740ac76458e3652b7d71ba2a2a6da2d8893,,NO_PR,,114,Test exact Odoo 19 and PostgreSQL branch runtime:success;Validate Odoo source head:skipped;Validate Odoo merge result:skipped;Test Odoo 19 and PostgreSQL runtime:skipped;Validate exact Odoo branch push:success;Test exact Odoo 19 and PostgreSQL branch runtime:success;Test Odoo 19 and PostgreSQL runtime:skipped;Validate Odoo source head:skipped;Validate Odoo merge result:skipped;Validate exact Odoo branch push:success,76,fix(cc): attach Calderon menu to call center root,YES,YES,YES,YES,YES,DUPLICATE,NO,same tip: feat/cc-bu-calderon;feat/cc-bu-calderon-farm
feat/cc-bu-codestra,1317719d78660e09cafaefb2f4ad448195f0ecfc,main,35d87740ac76458e3652b7d71ba2a2a6da2d8893,,NO_PR,,95,Test exact Odoo 19 and PostgreSQL branch runtime:success;Test Odoo 19 and PostgreSQL runtime:skipped;Validate Odoo source head:skipped;Validate Odoo merge result:skipped;Validate exact Odoo branch push:success,69,fix(cc): attach overlay menus to Odoo 19 call center root,YES,YES,YES,YES,YES,NEEDS_SELECTIVE_PORT,NO,
feat/cc-bu-for-the-people,834ce411620274809d7bc7944eeb2b21b45464a3,main,35d87740ac76458e3652b7d71ba2a2a6da2d8893,,NO_PR,,108,Test exact Odoo 19 and PostgreSQL branch runtime:success;Validate Odoo source head:skipped;Test Odoo 19 and PostgreSQL runtime:skipped;Validate Odoo merge result:skipped;Validate exact Odoo branch push:success;Test exact Odoo 19 and PostgreSQL branch runtime:success;Test Odoo 19 and PostgreSQL runtime:skipped;Validate Odoo source head:skipped;Validate Odoo merge result:skipped;Validate exact Odoo branch push:success,74,fix(cc): attach donor menu to call center root,YES,YES,YES,YES,YES,DUPLICATE,NO,same tip: feat/cc-bu-for-the-people;feat/cc-bu-ftp
feat/cc-bu-ftp,834ce411620274809d7bc7944eeb2b21b45464a3,main,35d87740ac76458e3652b7d71ba2a2a6da2d8893,,NO_PR,,108,Test exact Odoo 19 and PostgreSQL branch runtime:success;Validate Odoo source head:skipped;Test Odoo 19 and PostgreSQL runtime:skipped;Validate Odoo merge result:skipped;Validate exact Odoo branch push:success;Test exact Odoo 19 and PostgreSQL branch runtime:success;Test Odoo 19 and PostgreSQL runtime:skipped;Validate Odoo source head:skipped;Validate Odoo merge result:skipped;Validate exact Odoo branch push:success,74,fix(cc): attach donor menu to call center root,YES,YES,YES,YES,YES,DUPLICATE,NO,same tip: feat/cc-bu-for-the-people;feat/cc-bu-ftp
feat/cc-bu-moneybee,54a30a5258c8bf169e8a204b94d37485cd03d708,main,35d87740ac76458e3652b7d71ba2a2a6da2d8893,,NO_PR,,102,Test exact Odoo 19 and PostgreSQL branch runtime:success;Validate Odoo merge result:skipped;Test Odoo 19 and PostgreSQL runtime:skipped;Validate Odoo source head:skipped;Validate exact Odoo branch push:success;Test exact Odoo 19 and PostgreSQL branch runtime:success;Validate Odoo merge result:skipped;Test Odoo 19 and PostgreSQL runtime:skipped;Validate Odoo source head:skipped;Validate exact Odoo branch push:success,72,fix(cc): attach MoneyBee menu to call center root,YES,YES,YES,YES,YES,DUPLICATE,NO,same tip: feat/cc-bu-moneybee;feat/cc-bu-moneybee-loans
feat/cc-bu-moneybee-loans,54a30a5258c8bf169e8a204b94d37485cd03d708,main,35d87740ac76458e3652b7d71ba2a2a6da2d8893,,NO_PR,,102,Test exact Odoo 19 and PostgreSQL branch runtime:success;Validate Odoo merge result:skipped;Test Odoo 19 and PostgreSQL runtime:skipped;Validate Odoo source head:skipped;Validate exact Odoo branch push:success;Test exact Odoo 19 and PostgreSQL branch runtime:success;Validate Odoo merge result:skipped;Test Odoo 19 and PostgreSQL runtime:skipped;Validate Odoo source head:skipped;Validate exact Odoo branch push:success,72,fix(cc): attach MoneyBee menu to call center root,YES,YES,YES,YES,YES,DUPLICATE,NO,same tip: feat/cc-bu-moneybee;feat/cc-bu-moneybee-loans
feat/cc-bu-moy,f5e0117031f6195cde132bc421de10dc69256898,main,35d87740ac76458e3652b7d71ba2a2a6da2d8893,,NO_PR,,91,Test exact Odoo 19 and PostgreSQL branch runtime:success;Validate Odoo merge result:skipped;Test Odoo 19 and PostgreSQL runtime:skipped;Validate Odoo source head:skipped;Validate exact Odoo branch push:success,68,fix(cc): grant Moy service inherited campaign reads,YES,YES,YES,YES,YES,NEEDS_SELECTIVE_PORT,NO,
feat/cc-bu-rlp,5ea340cb39438ed6ff4ea210eaf8ca94fa3f2d85,main,35d87740ac76458e3652b7d71ba2a2a6da2d8893,,NO_PR,,105,Test exact Odoo 19 and PostgreSQL branch runtime:success;Validate Odoo merge result:skipped;Test Odoo 19 and PostgreSQL runtime:skipped;Validate Odoo source head:skipped;Validate exact Odoo branch push:success;Test exact Odoo 19 and PostgreSQL branch runtime:success;Test Odoo 19 and PostgreSQL runtime:skipped;Validate Odoo merge result:skipped;Validate Odoo source head:skipped;Validate exact Odoo branch push:success,73,fix(cc): attach RLP menu to call center root,YES,YES,YES,YES,YES,DUPLICATE,NO,same tip: feat/cc-bu-rlp;feat/cc-bu-rlp-real-estate
feat/cc-bu-rlp-real-estate,5ea340cb39438ed6ff4ea210eaf8ca94fa3f2d85,main,35d87740ac76458e3652b7d71ba2a2a6da2d8893,,NO_PR,,105,Test exact Odoo 19 and PostgreSQL branch runtime:success;Validate Odoo merge result:skipped;Test Odoo 19 and PostgreSQL runtime:skipped;Validate Odoo source head:skipped;Validate exact Odoo branch push:success;Test exact Odoo 19 and PostgreSQL branch runtime:success;Test Odoo 19 and PostgreSQL runtime:skipped;Validate Odoo merge result:skipped;Validate Odoo source head:skipped;Validate exact Odoo branch push:success,73,fix(cc): attach RLP menu to call center root,YES,YES,YES,YES,YES,DUPLICATE,NO,same tip: feat/cc-bu-rlp;feat/cc-bu-rlp-real-estate
feat/cc-bu-scp,b49a947628bb7c8f9fff84ca9bb4f386e8ed69d9,main,35d87740ac76458e3652b7d71ba2a2a6da2d8893,,NO_PR,,99,Test exact Odoo 19 and PostgreSQL branch runtime:success;Test Odoo 19 and PostgreSQL runtime:skipped;Validate Odoo source head:skipped;Validate Odoo merge result:skipped;Validate exact Odoo branch push:success;Test exact Odoo 19 and PostgreSQL branch runtime:success;Test Odoo 19 and PostgreSQL runtime:skipped;Validate Odoo merge result:skipped;Validate Odoo source head:skipped;Validate exact Odoo branch push:success,71,fix(cc): attach Senior menu to call center root,YES,YES,YES,YES,YES,DUPLICATE,NO,same tip: feat/cc-bu-scp;feat/cc-bu-senior-products
feat/cc-bu-senior-products,b49a947628bb7c8f9fff84ca9bb4f386e8ed69d9,main,35d87740ac76458e3652b7d71ba2a2a6da2d8893,,NO_PR,,99,Test exact Odoo 19 and PostgreSQL branch runtime:success;Test Odoo 19 and PostgreSQL runtime:skipped;Validate Odoo source head:skipped;Validate Odoo merge result:skipped;Validate exact Odoo branch push:success;Test exact Odoo 19 and PostgreSQL branch runtime:success;Test Odoo 19 and PostgreSQL runtime:skipped;Validate Odoo merge result:skipped;Validate Odoo source head:skipped;Validate exact Odoo branch push:success,71,fix(cc): attach Senior menu to call center root,YES,YES,YES,YES,YES,DUPLICATE,NO,same tip: feat/cc-bu-scp;feat/cc-bu-senior-products
feat/cc-bu-tradex,25cca54efa84afe9c13612a59c73ec8190ba802b,main,35d87740ac76458e3652b7d71ba2a2a6da2d8893,,NO_PR,,111,Test exact Odoo 19 and PostgreSQL branch runtime:success;Test Odoo 19 and PostgreSQL runtime:skipped;Validate Odoo source head:skipped;Validate Odoo merge result:skipped;Validate exact Odoo branch push:success,75,fix(cc): attach TradeX menu to call center root,YES,YES,YES,YES,YES,NEEDS_SELECTIVE_PORT,NO,
feat/cc-callback-transfer,144e55c4b3902b7802ec6a1bbec520c05a22679e,feat/cc-scripts-dispositions,789998ae32c26f005d63b3d84cb2c32304c8da64,34,OPEN,TRUE,64,Validate Odoo source head:SUCCESS;Validate Odoo merge result:SUCCESS;Validate Odoo main push:SKIPPED;Test Odoo 19 and PostgreSQL runtime:SUCCESS;Test merged Odoo 19 and PostgreSQL runtime:SKIPPED,64,"feat(cc): callbacks, appointments, transfers, and referrals",YES,YES,YES,YES,YES,SUPERSEDED,NO,
feat/cc-campaign-mail,8c394b7106ac999aab8f26b4e73462c251413585,feat/cc-identity-membership,aa32edfaa0c05fb2b3d4803ade3685af6a802384,30,OPEN,TRUE,48,Validate Odoo source head:SUCCESS;Validate Odoo merge result:SUCCESS;Validate Odoo main push:SKIPPED;Test Odoo 19 and PostgreSQL runtime:SUCCESS;Test merged Odoo 19 and PostgreSQL runtime:SKIPPED,61,Contact center: isolate campaign mail workflows,YES,YES,YES,YES,YES,SUPERSEDED,NO,
feat/cc-campaign-security,58376d7211bae53ed2d0f5c89bc5a968f2148190,feat/cc-core-domain,d7ab1c7ef0b34ec71d1c485e733ba9881d34af1d,28,OPEN,TRUE,44,Validate Odoo source head:SUCCESS;Validate Odoo merge result:SUCCESS;Validate Odoo main push:SKIPPED;Test Odoo 19 and PostgreSQL runtime:SUCCESS;Test merged Odoo 19 and PostgreSQL runtime:SKIPPED,60,feat(cc): enforce campaign membership isolation,YES,YES,YES,YES,YES,SUPERSEDED,NO,
feat/cc-compliance-audit,4681d755039ee7f4fec21228bac234a668541de8,feat/cc-wfm-reporting,a2592e66ab0b3953548b3b55735a852857ed892d,37,OPEN,TRUE,88,Validate Odoo source head:SUCCESS;Validate Odoo merge result:SUCCESS;Validate Odoo main push:SKIPPED;Test Odoo 19 and PostgreSQL runtime:SUCCESS;Test merged Odoo 19 and PostgreSQL runtime:SKIPPED,67,feat(cc): compliance governance and append-only audit,YES,YES,YES,YES,YES,SUPERSEDED,NO,
feat/cc-controlled-catalogs,41371a23293cc6e28ceb19e0deb7db8de9ba313a,main,35d87740ac76458e3652b7d71ba2a2a6da2d8893,,NO_PR,,134,Test exact Odoo 19 and PostgreSQL branch runtime:success;Test Odoo 19 and PostgreSQL runtime:skipped;Validate Odoo source head:skipped;Validate Odoo merge result:skipped;Validate exact Odoo branch push:success,77,docs: retain complete Odoo 19 validation evidence,YES,YES,YES,YES,YES,NEEDS_SELECTIVE_PORT,NO,
feat/cc-core-domain,d7ab1c7ef0b34ec71d1c485e733ba9881d34af1d,docs/odoo-contact-center-authority,f7ccff9e4a9894939e8fdd06cef10e342ff5169d,27,OPEN,TRUE,42,Validate Odoo source head:SUCCESS;Validate Odoo merge result:SUCCESS;Validate Odoo main push:SKIPPED;Test Odoo 19 and PostgreSQL runtime:SUCCESS;Test merged Odoo 19 and PostgreSQL runtime:SKIPPED,59,feat(cc): add canonical campaign workspace domain,YES,YES,YES,YES,YES,SUPERSEDED,NO,
feat/cc-crm-helpdesk-workspaces,53e2a2dbf6e3249f82abae4ae5e2df0ec3df8a33,feat/cc-campaign-mail,8c394b7106ac999aab8f26b4e73462c251413585,31,OPEN,TRUE,50,Validate Odoo source head:SUCCESS;Validate Odoo merge result:SUCCESS;Validate Odoo main push:SKIPPED;Test Odoo 19 and PostgreSQL runtime:SUCCESS;Test merged Odoo 19 and PostgreSQL runtime:SKIPPED,63,feat(cc): add campaign CRM and helpdesk workspaces,YES,YES,YES,YES,YES,SUPERSEDED,NO,
feat/cc-identity-membership,aa32edfaa0c05fb2b3d4803ade3685af6a802384,feat/cc-campaign-security,58376d7211bae53ed2d0f5c89bc5a968f2148190,29,OPEN,TRUE,46,Validate Odoo source head:SUCCESS;Validate Odoo merge result:SUCCESS;Validate Odoo main push:SKIPPED;Test Odoo 19 and PostgreSQL runtime:SUCCESS;Test merged Odoo 19 and PostgreSQL runtime:SKIPPED,60,feat(cc): govern campaign identity lifecycle,YES,YES,YES,YES,YES,SUPERSEDED,NO,
feat/cc-recordings-quality,c46096ecc9694d5bc2faffbe6b9e0bd7a193c39c,feat/cc-callback-transfer,144e55c4b3902b7802ec6a1bbec520c05a22679e,35,OPEN,TRUE,70,Validate Odoo source head:SUCCESS;Validate Odoo merge result:SUCCESS;Validate Odoo main push:SKIPPED;Test Odoo 19 and PostgreSQL runtime:SUCCESS;Test merged Odoo 19 and PostgreSQL runtime:SKIPPED,65,"feat(cc): recording policy, quality, calibration, and coaching",YES,YES,YES,YES,YES,SUPERSEDED,NO,
feat/cc-scripts-dispositions,789998ae32c26f005d63b3d84cb2c32304c8da64,feat/cc-vicidial-mapping,12775a51209a2eb1c5be7d2a50c1ad635f804398,33,OPEN,TRUE,57,Validate Odoo source head:SUCCESS;Validate Odoo merge result:SUCCESS;Validate Odoo main push:SKIPPED;Test Odoo 19 and PostgreSQL runtime:SUCCESS;Test merged Odoo 19 and PostgreSQL runtime:SKIPPED,63,feat(cc): govern campaign scripts and disposition sets,YES,YES,YES,YES,YES,SUPERSEDED,NO,
feat/cc-vicidial-mapping,12775a51209a2eb1c5be7d2a50c1ad635f804398,feat/cc-crm-helpdesk-workspaces,53e2a2dbf6e3249f82abae4ae5e2df0ec3df8a33,32,OPEN,TRUE,53,Validate Odoo source head:SUCCESS;Validate Odoo merge result:SUCCESS;Validate Odoo main push:SKIPPED;Test Odoo 19 and PostgreSQL runtime:SUCCESS;Test merged Odoo 19 and PostgreSQL runtime:SKIPPED,63,feat(cc): governed VICIdial campaign mapping boundary,YES,YES,YES,YES,YES,SUPERSEDED,NO,
feat/cc-wfm-reporting,a2592e66ab0b3953548b3b55735a852857ed892d,feat/cc-recordings-quality,c46096ecc9694d5bc2faffbe6b9e0bd7a193c39c,36,OPEN,TRUE,78,Validate Odoo source head:SUCCESS;Validate Odoo merge result:SUCCESS;Validate Odoo main push:SKIPPED;Test Odoo 19 and PostgreSQL runtime:SUCCESS;Test merged Odoo 19 and PostgreSQL runtime:SKIPPED,67,feat(cc): workforce management and campaign KPI reporting,YES,YES,YES,YES,YES,SUPERSEDED,NO,
feat/codestra-keycloak-contract,e757622c8a4d2b6ab906a74d2786d022ca6eacda,main,35d87740ac76458e3652b7d71ba2a2a6da2d8893,3,OPEN,TRUE,4,Validate Odoo custom addons:SUCCESS,0,Define Codestra Keycloak and signed Odoo webhook contract,NO,NO,NO,NO,NO,NEEDS_SELECTIVE_PORT,NO,
feat/import-canonical-odoo-modules,b28b51e9beb39efc9e2f660aacbcabdb38cba160,main,35d87740ac76458e3652b7d71ba2a2a6da2d8893,9,OPEN,FALSE,5,Validate exact merge or pushed result:SUCCESS;Install and test all addons on exact source head:FAILURE,32,feat: establish canonical Odoo addons and governed click-to-call,YES,YES,YES,YES,YES,NEEDS_SELECTIVE_PORT,NO,
feat/klyrow-odoo-smtp-routing,4585ac991794fcbf301be5ebea31fc7df8f0371c,fix/cc-login-layout-website-compat,84f80cbc978bc5941836474c6569f87b1c0031d8,23,OPEN,TRUE,34,Validate Odoo source head:SUCCESS;Validate Odoo merge result:SUCCESS;Validate Odoo main push:SKIPPED;Test Odoo 19 and PostgreSQL runtime:SUCCESS;Test merged Odoo 19 and PostgreSQL runtime:SKIPPED,60,feat(mail): add fail-closed Klyrow SMTP domain routing,YES,YES,YES,YES,YES,NEEDS_SELECTIVE_PORT,NO,
feat/moneybee-crm-account-sync,9d478c7b2cce2453cdd661d9a10c441c12ceb15b,main,35d87740ac76458e3652b7d71ba2a2a6da2d8893,5,OPEN,FALSE,4,Validate Odoo custom addons:SUCCESS,1,feat(crm): add MoneyBee account identity sync addon,YES,NO,YES,NO,NO,NEEDS_SELECTIVE_PORT,NO,
feat/moneybee-integration-receipts,56dca217d7d1da200ed140b8ac7fe0f582bbf95e,feat/moneybee-crm-account-sync,9d478c7b2cce2453cdd661d9a10c441c12ceb15b,24,OPEN,FALSE,9,Validate Odoo custom addons:SUCCESS,1,feat(moneybee): add durable CRM integration receipts,YES,NO,YES,NO,NO,NEEDS_SELECTIVE_PORT,NO,
feature/automation-outbox-v1,5a089bbf955f602280a43337db2d63ae7d09a33d,main,35d87740ac76458e3652b7d71ba2a2a6da2d8893,,NO_PR,,3,Validate Odoo custom addons:success,0,feat(integration): define Codestra CRM fabric v2,NO,NO,NO,NO,NO,DUPLICATE,NO,same tip: feature/automation-outbox-v1;feature/communication-history-v1;feature/consent-projection-v1;feature/contact-center-automation-v1;feature/crm-facade-api-v1;integration/codestra-crm-fabric-v2;test/crm-fabric-contracts-v1
feature/calendar-popout,9d37054c2ae5829be58221bee4293cedfe6e6827,main,35d87740ac76458e3652b7d71ba2a2a6da2d8893,,NO_PR,,7,NO_CHECKS,33,fix(calendar): harden Odoo 19 popout runtime,YES,YES,YES,YES,YES,NEEDS_SELECTIVE_PORT,NO,
feature/campaign-control-plane,35d87740ac76458e3652b7d71ba2a2a6da2d8893,main,35d87740ac76458e3652b7d71ba2a2a6da2d8893,,NO_PR,,0,Validate Odoo custom addons:success,0,chore: bootstrap secure Odoo 19 GitOps repository (#1),NO,NO,NO,NO,NO,DUPLICATE,NO,same tip: feature/campaign-control-plane;feature/crm-call-followup;feature/middleware-bridge;main
feature/cc-00-mission-foundation,3b045d08ceb57861a72a83bbe210428fa7aec889,feature/codestra-login-admin-readiness,890b395bc4e27ba627611d0f0f947a746aba9ef4,8,OPEN,TRUE,4,Validate Odoo source head:SUCCESS;Validate Odoo merge result:SUCCESS;Validate Odoo main push:SKIPPED;Test Odoo 19 and PostgreSQL runtime:SUCCESS;Test merged Odoo 19 and PostgreSQL runtime:SKIPPED,1,chore(call-center): establish governed corporate call-center workstreams,YES,NO,NO,YES,NO,SUPERSEDED,NO,
feature/cc-01-core-reliability,c80e196d0263ea92a9f16a6008afc1488b0d8558,feature/cc-00-mission-foundation,3b045d08ceb57861a72a83bbe210428fa7aec889,10,OPEN,TRUE,8,Validate Odoo source head:SUCCESS;Validate Odoo merge result:SUCCESS;Validate Odoo main push:SKIPPED;Test Odoo 19 and PostgreSQL runtime:FAILURE;Test merged Odoo 19 and PostgreSQL runtime:SKIPPED,36,"CC-01: Integrate canonical Odoo 19 core, reliability, and audit foundations",YES,YES,YES,YES,YES,SUPERSEDED,NO,
feature/cc-02-vicidial-api,dde2ca47e2bbc6dc873e1ea5baee6e05bd0ede38,feature/cc-01-core-reliability,c80e196d0263ea92a9f16a6008afc1488b0d8558,11,OPEN,TRUE,9,Validate Odoo source head:SUCCESS;Validate Odoo merge result:SUCCESS;Validate Odoo main push:SKIPPED;Test Odoo 19 and PostgreSQL runtime:FAILURE;Test merged Odoo 19 and PostgreSQL runtime:SKIPPED,37,CC-02: Add governed VICIdial facade and canonical contact-center API map,YES,YES,YES,YES,YES,SUPERSEDED,NO,
feature/cc-03-agent-campaign-experience,b05fce60adb6470aa4aca7c662f67621052e424e,feature/cc-02-vicidial-api,dde2ca47e2bbc6dc873e1ea5baee6e05bd0ede38,12,OPEN,TRUE,10,Validate Odoo source head:SUCCESS;Validate Odoo merge result:SUCCESS;Validate Odoo main push:SKIPPED;Test Odoo 19 and PostgreSQL runtime:FAILURE;Test merged Odoo 19 and PostgreSQL runtime:SKIPPED,42,"CC-03: Build agent desktop, campaign, disposition, customer 360, and publishing boundaries",YES,YES,YES,YES,YES,SUPERSEDED,NO,
feature/cc-04-supervisor-quality-compliance,6a74b3cc75b6d6934878515da8ed847fd12fede1,feature/cc-03-agent-campaign-experience,b05fce60adb6470aa4aca7c662f67621052e424e,13,OPEN,TRUE,11,Validate Odoo source head:SUCCESS;Validate Odoo merge result:SUCCESS;Validate Odoo main push:SKIPPED;Test Odoo 19 and PostgreSQL runtime:FAILURE;Test merged Odoo 19 and PostgreSQL runtime:SKIPPED,46,"CC-04: Add supervisor, QA, compliance, and operational case management",YES,YES,YES,YES,YES,SUPERSEDED,NO,
feature/cc-05-workforce-identity-onboarding,d122334ee4da526eff227a03df23a6adcb3e9d4e,feature/cc-04-supervisor-quality-compliance,6a74b3cc75b6d6934878515da8ed847fd12fede1,14,OPEN,TRUE,12,Validate Odoo source head:SUCCESS;Validate Odoo merge result:SUCCESS;Validate Odoo main push:SKIPPED;Test Odoo 19 and PostgreSQL runtime:FAILURE;Test merged Odoo 19 and PostgreSQL runtime:SKIPPED,50,"CC-05: Add workforce, identity lifecycle, onboarding, and training controls",YES,YES,YES,YES,YES,SUPERSEDED,NO,
feature/cc-06-omnichannel-client-operations,a89c908f0b0cb0921ae9f8b7e6dec520dc7b8e7a,feature/cc-05-workforce-identity-onboarding,d122334ee4da526eff227a03df23a6adcb3e9d4e,15,OPEN,TRUE,14,Validate Odoo source head:SUCCESS;Validate Odoo merge result:SUCCESS;Validate Odoo main push:SKIPPED;Test Odoo 19 and PostgreSQL runtime:FAILURE;Test merged Odoo 19 and PostgreSQL runtime:SKIPPED,54,"CC-06: Add omnichannel, mailbox, automation, client contracts, and SLAs",YES,YES,YES,YES,YES,SUPERSEDED,NO,
feature/cc-07-revenue-analytics-portal,cd1c774584614e125c6ab49aacf750452e74267a,feature/cc-06-omnichannel-client-operations,a89c908f0b0cb0921ae9f8b7e6dec520dc7b8e7a,16,OPEN,TRUE,15,Validate Odoo source head:SUCCESS;Validate Odoo merge result:SUCCESS;Validate Odoo main push:SKIPPED;Test Odoo 19 and PostgreSQL runtime:FAILURE;Test merged Odoo 19 and PostgreSQL runtime:SKIPPED,58,"CC-07: Add revenue assurance, analytics, data-quality review, and client portal",YES,YES,YES,YES,YES,SUPERSEDED,NO,
feature/cc-08-ai-agent-assistant,a2558ec9726f222828803142e33f19556608a5ee,feature/cc-07-revenue-analytics-portal,cd1c774584614e125c6ab49aacf750452e74267a,17,OPEN,TRUE,16,Validate Odoo source head:SUCCESS;Validate Odoo merge result:SUCCESS;Validate Odoo main push:SKIPPED;Test Odoo 19 and PostgreSQL runtime:FAILURE;Test merged Odoo 19 and PostgreSQL runtime:SKIPPED,59,CC-08: Add bounded human-reviewed AI agent assistant,YES,YES,YES,YES,YES,SUPERSEDED,NO,
feature/click-to-call-popout-dialer,6a0f9c571c8cab4fe4ff68dbd579faf78a512f3f,main,35d87740ac76458e3652b7d71ba2a2a6da2d8893,,NO_PR,,6,NO_CHECKS,32,fix(click-to-call): support Odoo 19 asset runtime,YES,YES,YES,YES,YES,NEEDS_SELECTIVE_PORT,NO,
feature/codestra-login-admin-readiness,890b395bc4e27ba627611d0f0f947a746aba9ef4,architecture/middleware-write-boundary,ad5bfbfa747a995bd2142d5cc5ebf5e007fc289e,4,OPEN,FALSE,3,Validate Odoo source head:SUCCESS;Validate Odoo merge result:SUCCESS;Validate Odoo main push:SKIPPED;Test Odoo 19 and PostgreSQL runtime:SUCCESS;Test merged Odoo 19 and PostgreSQL runtime:SKIPPED,1,"feat: add Codestra login, administrator bootstrap, and database readiness",YES,NO,NO,NO,NO,SUPERSEDED,NO,
feature/communication-history-v1,5a089bbf955f602280a43337db2d63ae7d09a33d,main,35d87740ac76458e3652b7d71ba2a2a6da2d8893,,NO_PR,,3,Validate Odoo custom addons:success,0,feat(integration): define Codestra CRM fabric v2,NO,NO,NO,NO,NO,DUPLICATE,NO,same tip: feature/automation-outbox-v1;feature/communication-history-v1;feature/consent-projection-v1;feature/contact-center-automation-v1;feature/crm-facade-api-v1;integration/codestra-crm-fabric-v2;test/crm-fabric-contracts-v1
feature/consent-projection-v1,5a089bbf955f602280a43337db2d63ae7d09a33d,main,35d87740ac76458e3652b7d71ba2a2a6da2d8893,,NO_PR,,3,Validate Odoo custom addons:success,0,feat(integration): define Codestra CRM fabric v2,NO,NO,NO,NO,NO,DUPLICATE,NO,same tip: feature/automation-outbox-v1;feature/communication-history-v1;feature/consent-projection-v1;feature/contact-center-automation-v1;feature/crm-facade-api-v1;integration/codestra-crm-fabric-v2;test/crm-fabric-contracts-v1
feature/contact-center-automation-v1,5a089bbf955f602280a43337db2d63ae7d09a33d,main,35d87740ac76458e3652b7d71ba2a2a6da2d8893,,NO_PR,,3,Validate Odoo custom addons:success,0,feat(integration): define Codestra CRM fabric v2,NO,NO,NO,NO,NO,DUPLICATE,NO,same tip: feature/automation-outbox-v1;feature/communication-history-v1;feature/consent-projection-v1;feature/contact-center-automation-v1;feature/crm-facade-api-v1;integration/codestra-crm-fabric-v2;test/crm-fabric-contracts-v1
feature/crm-call-followup,35d87740ac76458e3652b7d71ba2a2a6da2d8893,main,35d87740ac76458e3652b7d71ba2a2a6da2d8893,,NO_PR,,0,Validate Odoo custom addons:success,0,chore: bootstrap secure Odoo 19 GitOps repository (#1),NO,NO,NO,NO,NO,DUPLICATE,NO,same tip: feature/campaign-control-plane;feature/crm-call-followup;feature/middleware-bridge;main
feature/crm-facade-api-v1,5a089bbf955f602280a43337db2d63ae7d09a33d,main,35d87740ac76458e3652b7d71ba2a2a6da2d8893,,NO_PR,,3,Validate Odoo custom addons:success,0,feat(integration): define Codestra CRM fabric v2,NO,NO,NO,NO,NO,DUPLICATE,NO,same tip: feature/automation-outbox-v1;feature/communication-history-v1;feature/consent-projection-v1;feature/contact-center-automation-v1;feature/crm-facade-api-v1;integration/codestra-crm-fabric-v2;test/crm-fabric-contracts-v1
feature/middleware-bridge,35d87740ac76458e3652b7d71ba2a2a6da2d8893,main,35d87740ac76458e3652b7d71ba2a2a6da2d8893,,NO_PR,,0,Validate Odoo custom addons:success,0,chore: bootstrap secure Odoo 19 GitOps repository (#1),NO,NO,NO,NO,NO,DUPLICATE,NO,same tip: feature/campaign-control-plane;feature/crm-call-followup;feature/middleware-bridge;main
feature/reminder-popout,7689d74eb7cd620a181a056255219dc521a05e99,main,35d87740ac76458e3652b7d71ba2a2a6da2d8893,,NO_PR,,7,NO_CHECKS,33,fix(reminders): support Odoo 19 frontend runtime,YES,YES,YES,YES,YES,NEEDS_SELECTIVE_PORT,NO,
feature/scheduler-popout,32bc467daa4f6d57536ffc266017b342622045af,main,35d87740ac76458e3652b7d71ba2a2a6da2d8893,,NO_PR,,8,NO_CHECKS,33,fix(scheduler): use Odoo 19 user API,YES,YES,YES,YES,YES,NEEDS_SELECTIVE_PORT,NO,
fix/cc-11-production-readiness,6dc403350da71962af28603c0bdf2e73f7f6821e,fix/cc-login-layout-website-compat,84f80cbc978bc5941836474c6569f87b1c0031d8,25,OPEN,TRUE,38,Validate Odoo source head:SUCCESS;Validate Odoo merge result:SUCCESS;Validate Odoo main push:SKIPPED;Test Odoo 19 and PostgreSQL runtime:SUCCESS;Test merged Odoo 19 and PostgreSQL runtime:SKIPPED,59,fix(cc): unify callbacks and add scheduling pop-outs,YES,YES,YES,YES,YES,SUPERSEDED,NO,
fix/cc-login-layout-website-compat,84f80cbc978bc5941836474c6569f87b1c0031d8,release/cc-10-staging-certification,23c50d7c9bd56b1b0dbc7f73cc4d3ab00aa53a81,21,OPEN,TRUE,33,Validate Odoo source head:SUCCESS;Validate Odoo merge result:SUCCESS;Validate Odoo main push:SKIPPED;Test Odoo 19 and PostgreSQL runtime:SUCCESS;Test merged Odoo 19 and PostgreSQL runtime:SKIPPED,59,fix(login): preserve Codestra authentication layout with Odoo website,YES,YES,YES,YES,YES,SUPERSEDED,NO,
import/server-odoo-20260828,2eb05cf479f3b4edd162f03197349a76c488d0cd,main,35d87740ac76458e3652b7d71ba2a2a6da2d8893,,NO_PR,,3,NO_CHECKS,67,capture: record sanitized live Odoo baseline,YES,YES,YES,YES,YES,SERVER_CAPTURE,NO,
integration/codestra-crm-fabric-v2,5a089bbf955f602280a43337db2d63ae7d09a33d,integration/n8n-automation-contract-v2-20260827,393a7c671018dfed2dedaf95b0adb1598ec4f5a9,20,OPEN,TRUE,3,Validate Odoo custom addons:SUCCESS,0,feat(integration): add the Odoo 19 Codestra CRM fabric v2,NO,NO,NO,NO,NO,DUPLICATE,NO,same tip: feature/automation-outbox-v1;feature/communication-history-v1;feature/consent-projection-v1;feature/contact-center-automation-v1;feature/crm-facade-api-v1;integration/codestra-crm-fabric-v2;test/crm-fabric-contracts-v1
integration/n8n-automation-contract-v2-20260827,393a7c671018dfed2dedaf95b0adb1598ec4f5a9,main,35d87740ac76458e3652b7d71ba2a2a6da2d8893,7,OPEN,TRUE,2,Validate Odoo custom addons:SUCCESS,0,docs(integration): define Middleware-only n8n CRM contract,NO,NO,NO,NO,NO,DOCUMENTATION_ONLY,NO,
integration/n8n-automation-v2,c651553c72c7af130575de4b2128e1a63d9f5844,main,35d87740ac76458e3652b7d71ba2a2a6da2d8893,6,OPEN,TRUE,1,Validate Odoo custom addons:SUCCESS,0,docs(integration): define Odoo n8n automation handoff v2,NO,NO,NO,NO,NO,DOCUMENTATION_ONLY,NO,
integration/n8n-middleware-automation-contract-v1,ad5bfbfa747a995bd2142d5cc5ebf5e007fc289e,main,35d87740ac76458e3652b7d71ba2a2a6da2d8893,,NO_PR,,2,Validate Odoo main push:skipped;Validate Odoo source head:success;Validate Odoo merge result:success,0,ci: validate source head and merge result separately,NO,NO,NO,NO,NO,DUPLICATE,NO,same tip: architecture/middleware-write-boundary;integration/n8n-middleware-automation-contract-v1
integration/scrapper-turnkey-projection-v1,f8e55d8a4bd32df885d67011a70d4836ab03eca1,architecture/middleware-write-boundary,ad5bfbfa747a995bd2142d5cc5ebf5e007fc289e,22,OPEN,TRUE,11,scrapper-projection:FAILURE;scrapper-projection:FAILURE;Validate Odoo source head:SUCCESS;Validate Odoo merge result:SUCCESS;Validate Odoo main push:SKIPPED,0,integration: Odoo 19 scrapper projection and receipts,NO,NO,YES,NO,NO,NEEDS_SELECTIVE_PORT,NO,
main,35d87740ac76458e3652b7d71ba2a2a6da2d8893,main,35d87740ac76458e3652b7d71ba2a2a6da2d8893,,NO_PR,,0,Validate Odoo custom addons:success,0,chore: bootstrap secure Odoo 19 GitOps repository (#1),NO,NO,NO,NO,NO,DOCUMENTATION_ONLY,NO,same tip: feature/campaign-control-plane;feature/crm-call-followup;feature/middleware-bridge;main
reconcile/odoo-canonical-source-v1,241bf799efac3ce4d1677e43d11d701492dc8cc2,main,35d87740ac76458e3652b7d71ba2a2a6da2d8893,38,OPEN,FALSE,10,Validate Odoo source head:SUCCESS;secret-and-source-security:SUCCESS;Validate Odoo merge result:SUCCESS;dependency-review:SUCCESS;Validate Odoo main push:SKIPPED;Test Odoo 19 and PostgreSQL runtime:FAILURE;Test merged Odoo 19 and PostgreSQL runtime:SKIPPED,67,Reconcile Odoo canonical source v1,YES,YES,YES,YES,YES,CANONICAL_CANDIDATE,YES,
release/cc-10-staging-certification,23c50d7c9bd56b1b0dbc7f73cc4d3ab00aa53a81,test/cc-09-security-load-migrations,1dde88bfdae58352e061a5f66cb5096b7c7204da,19,OPEN,TRUE,19,Validate Odoo source head:SUCCESS;Validate Odoo merge result:SUCCESS;Validate Odoo main push:SKIPPED;Test Odoo 19 and PostgreSQL runtime:FAILURE;Test merged Odoo 19 and PostgreSQL runtime:SKIPPED,59,CC-10: Add manual immutable source candidate and isolated-staging certification boundary,YES,YES,YES,YES,YES,SUPERSEDED,NO,
test/cc-09-security-load-migrations,1dde88bfdae58352e061a5f66cb5096b7c7204da,feature/cc-08-ai-agent-assistant,a2558ec9726f222828803142e33f19556608a5ee,18,OPEN,TRUE,18,Validate Odoo source head:SUCCESS;Validate Odoo merge result:SUCCESS;Validate Odoo main push:SKIPPED;Test Odoo 19 and PostgreSQL runtime:FAILURE;Test merged Odoo 19 and PostgreSQL runtime:SKIPPED,59,"CC-09: Add fail-closed security, API, migration, browser, and load evidence gates",YES,YES,YES,YES,YES,SUPERSEDED,NO,
test/cc-cross-campaign-certification,720e9e2e46d75b60396833850c0ae888c0fd8dd1,main,35d87740ac76458e3652b7d71ba2a2a6da2d8893,,NO_PR,,117,Test exact Odoo 19 and PostgreSQL branch runtime:success;Test Odoo 19 and PostgreSQL runtime:skipped;Validate Odoo merge result:skipped;Validate Odoo source head:skipped;Validate exact Odoo branch push:success,77,docs(cc): retain cross-campaign certification evidence,YES,YES,YES,YES,YES,TEST_ONLY,NO,
test/crm-fabric-contracts-v1,5a089bbf955f602280a43337db2d63ae7d09a33d,main,35d87740ac76458e3652b7d71ba2a2a6da2d8893,,NO_PR,,3,Validate Odoo custom addons:success,0,feat(integration): define Codestra CRM fabric v2,NO,NO,NO,NO,NO,DUPLICATE,NO,same tip: feature/automation-outbox-v1;feature/communication-history-v1;feature/consent-projection-v1;feature/contact-center-automation-v1;feature/crm-facade-api-v1;integration/codestra-crm-fabric-v2;test/crm-fabric-contracts-v1
test/popout-suite-integration,79ba5f2460d0a8c541f9cf9c084cb87ba72ed802,main,35d87740ac76458e3652b7d71ba2a2a6da2d8893,,NO_PR,,13,NO_CHECKS,35,fix(click-to-call): support Odoo 19 asset runtime,YES,YES,YES,YES,YES,TEST_ONLY,NO,
