module,technical_name,manifest_version,tree_sha,source_branch,source_commit,dependencies,model_owner,views,security_files,migrations,tests,external_api,scheduled_jobs,outbox,inbox,provider_effect,live_effect_flag,status,ownership
call_center_campaign,call_center_campaign,19.0.5.2.1,062b168d44f17329c1071f70ed8d9faf643ef1bc,feat/cc-compliance-audit,84f80cbc978bc5941836474c6569f87b1c0031d8,call_center_core,call.center.campaign;call.center.campaign.country.policy;call.center.campaign.mapping;call.center.pipeline;call.center.queue;call.center.script;call.center.skill.requirement;call.center.team;codestra.disposition;codestra.integration.callback.nonce;codestra.integration.result.inbox;codestra.integration.trace;codestra.runtime.integration.outbox,views/menus.xml;views/foundation_views.xml;views/script_views.xml;views/integration_trace_views.xml;views/crm_lead_views.xml;views/campaign_views.xml,security/record_rules.xml;security/ir.model.access.csv,5,7,YES,YES,YES,YES,YES,NOT_DETECTED,APPROVED_CANDIDATE,CAMPAIGN
call_center_compliance,call_center_compliance,19.0.1.0.0,85610757c8f9bd140611b6ca99e435283b803e63,feat/cc-compliance-audit,3432c1f4a06a44fe200753955a741f0726a0ec31,call_center_lead_validation,call.center.compliance.rule;call.center.consent;call.center.suppression,views/lead_views.xml;views/compliance_views.xml;views/menus.xml,security/record_rules.xml;security/ir.model.access.csv,0,1,NO,NO,NO,NO,NO,NOT_DETECTED,APPROVED_CANDIDATE,COMPLIANCE
call_center_core,call_center_core,19.0.2.0.2,35a16bc1b7e107c3ba7f7087054ee86a7b26c326,feat/cc-compliance-audit,3e6c621c58146f4da74772415ed9e780e1c022c3,base;mail;crm;contacts;hr;resource,call.center.agent.skill;call.center.audit.event;call.center.branch;call.center.business.unit;call.center.business.unit.mixin;call.center.calendar.exception;call.center.calling.hours.decision;call.center.calling.hours.policy;call.center.canonical.status;call.center.department;call.center.feature.flag;call.center.operating.period;call.center.phone.format;call.center.scoped.audit.mixin;call.center.skill;call.center.skill.category;call.center.status.transition;call.center.status.transition.audit,views/menus.xml;views/foundation_views.xml;views/audit_views.xml;views/crm_lead_views.xml;views/res_users_views.xml;views/business_unit_views.xml;views/res_partner_views.xml,security/record_rules.xml;security/ir.model.access.csv;security/groups.xml,1,2,NO,NO,NO,NO,YES,PRESENT,APPROVED_CANDIDATE,CORE_BUSINESS
call_center_lead_validation,call_center_lead_validation,19.0.1.1.0,a401fa2f26c86b585c1826aa6c434d4876d03c09,feat/cc-compliance-audit,3432c1f4a06a44fe200753955a741f0726a0ec31,call_center_campaign;phone_validation,call.center.duplicate.candidate,views/lead_views.xml;views/menus.xml;views/duplicate_views.xml,security/record_rules.xml;security/ir.model.access.csv,0,1,NO,NO,NO,NO,YES,NOT_DETECTED,APPROVED_CANDIDATE,CRM
call_center_orchestration,call_center_orchestration,19.0.1.0.0,962b1f8aa1854b6a7a18b901a11bb4382ba37b4e,feat/cc-compliance-audit,3e6c621c58146f4da74772415ed9e780e1c022c3,call_center_core;call_center_campaign;call_center_lead_validation;call_center_compliance,call.center.callback.notification;call.center.callback.task;call.center.credential.reference;call.center.lead.import.batch;call.center.lead.import.row;call.center.lead.mapping;call.center.lead.validation.result;call.center.provisioning.request,views/orchestration_views.xml,security/record_rules.xml;security/ir.model.access.csv,0,1,NO,YES,NO,NO,YES,NOT_DETECTED,APPROVED_CANDIDATE,INTEGRATION_BOUNDARY
codestra,codestra,19.0.1.0.0,09f56f84556c642f1fee4027b7e9f22db3623e7f,feat/cc-compliance-audit,3432c1f4a06a44fe200753955a741f0726a0ec31,call_center_orchestration,,,security/groups.xml,0,0,NO,NO,NO,NO,NO,NOT_DETECTED,APPROVED_CANDIDATE,CORE_BUSINESS
codestra_agent_onboarding,codestra_agent_onboarding,19.0.1.0.0,a5c798e704a4d273280c1097847b948195d1fe51,feat/cc-compliance-audit,5c06e713abf22d34141c5fb82b0f8d3f5d478189,codestra_cc_identity;codestra_cc_workforce;hr;mail,codestra.agent.onboarding,views/onboarding_views.xml,security/record_rules.xml;security/ir.model.access.csv,0,1,NO,NO,NO,NO,NO,NOT_DETECTED,APPROVED_CANDIDATE,WFM
codestra_ai_agent_assistant,codestra_ai_agent_assistant,19.0.1.0.0,8abfc5ce1b27f0e060340e3fe8c757fdccb5a298,feat/cc-compliance-audit,2f85eaa4ed494cfede7dd5657d5f8817de3bae3b,codestra_cc_core;codestra_cc_customer_360;codestra_cc_compliance;codestra_cc_audit;codestra_ai_core;codestra_ai_realtime_assistant;codestra_ai_qualification;codestra_ai_review;mail,codestra.ai.assistant.draft,views/assistant_views.xml,security/record_rules.xml;security/ir.model.access.csv;security/groups.xml,0,1,NO,NO,NO,NO,YES,NOT_DETECTED,APPROVED_CANDIDATE,AI_ADVISORY
codestra_ai_call_audit,codestra_ai_call_audit,19.0.1.0.0,8d21bf867e4b2eca6158d36bff85e4a1308f6c35,feat/cc-compliance-audit,3432c1f4a06a44fe200753955a741f0726a0ec31,codestra_ai_core,,,,0,0,NO,NO,NO,NO,NO,NOT_DETECTED,APPROVED_CANDIDATE,AI_ADVISORY
codestra_ai_core,codestra_ai_core,19.0.1.0.0,23594634edbe6a9a6c11dc8f3b8356ae9a838b78,feat/cc-compliance-audit,3432c1f4a06a44fe200753955a741f0726a0ec31,call_center_core;call_center_campaign;codestra,codestra.ai.audit;codestra.ai.prompt.template;codestra.ai.provider;codestra.ai.task.type,,security/ir.model.access.csv,0,0,NO,NO,NO,NO,NO,PRESENT,APPROVED_CANDIDATE,AI_ADVISORY
codestra_ai_qualification,codestra_ai_qualification,19.0.1.0.0,978db10e29c1e33b9f3f877690f28f984323cb8e,feat/cc-compliance-audit,3432c1f4a06a44fe200753955a741f0726a0ec31,codestra_ai_core,,,,0,0,NO,NO,NO,NO,NO,NOT_DETECTED,APPROVED_CANDIDATE,AI_ADVISORY
codestra_ai_realtime_assistant,codestra_ai_realtime_assistant,19.0.1.0.0,3b46dbd7f3e116c9be7273d81c771e91db031ed4,feat/cc-compliance-audit,3432c1f4a06a44fe200753955a741f0726a0ec31,codestra_ai_core,,,,0,0,NO,NO,NO,NO,NO,NOT_DETECTED,APPROVED_CANDIDATE,AI_ADVISORY
codestra_ai_review,codestra_ai_review,19.0.1.0.0,3863c6a202a3ca2a61b7cb5ee4d8b231111781f0,feat/cc-compliance-audit,3432c1f4a06a44fe200753955a741f0726a0ec31,codestra_ai_core,,,,0,0,NO,NO,NO,NO,NO,NOT_DETECTED,APPROVED_CANDIDATE,AI_ADVISORY
codestra_analytics_reporting,codestra_analytics_reporting,19.0.1.0.0,d46d50da27725bab9b5b8bae85e55e902cd3e068,feat/cc-compliance-audit,3432c1f4a06a44fe200753955a741f0726a0ec31,codestra;call_center_orchestration;codestra_daily_reporting,codestra.reporting.metric.definition;codestra.reporting.scope.mixin,,security/ir.model.access.csv;security/reporting_security.xml,0,0,NO,NO,NO,NO,NO,NOT_DETECTED,APPROVED_CANDIDATE,REPORTING
codestra_appointments,codestra_appointments,19.0.3.2.0,8b695b7e43301868b2861de818b53f0eda5efca2,feat/cc-compliance-audit,b604e87f044cc701c4f2499e07788860d068c91e,call_center_orchestration;codestra_vicidial_crm;codestra,codestra.appointment.reminder.event;codestra.appointment.reminder.policy;codestra.appointment.type;codestra.call.appointment;codestra.callback.history;codestra.callback.sync.job,views/callback_views.xml;views/appointment_views.xml,security/callback_rules.xml;security/ir.model.access.csv,1,2,NO,YES,NO,NO,YES,NOT_DETECTED,APPROVED_CANDIDATE,CALLBACK_APPOINTMENT
codestra_base,codestra_base,19.0.1.0.0,8bf385e37463092ad45d86fd0f474a41d2f87828,feat/cc-compliance-audit,3432c1f4a06a44fe200753955a741f0726a0ec31,base;mail;web,codestra.audit.mixin;codestra.correlation.mixin;codestra.external.reference.mixin;codestra.feature.flags;codestra.sync.state.mixin,views/res_config_settings_views.xml,security/security.xml,0,3,NO,NO,NO,NO,YES,PRESENT,APPROVED_CANDIDATE,CORE_BUSINESS
codestra_campaign_crm_os,codestra_campaign_crm_os,19.0.1.3.0,73f661adc77a263d68c70a8cd300aa90a11416f8,feat/cc-compliance-audit,f8318be2b09eb84249c30759f70f1b6600fb394e,call_center_campaign;codestra_appointments;codestra_data_quality;mail,codestra.activity.timeline;codestra.agent.performance;codestra.agent.profile;codestra.agent.state.event;codestra.ai.task;codestra.automation.action.receipt;codestra.call.event;codestra.campaign.action.service;codestra.campaign.appointment.type;codestra.campaign.automation;codestra.campaign.communication;codestra.campaign.disposition.mapping;codestra.campaign.document;codestra.campaign.document.definition;codestra.campaign.followup.rule;codestra.campaign.knowledge.article;codestra.campaign.kpi;codestra.campaign.note;codestra.campaign.playbook;codestra.campaign.sla.service;codestra.campaign.status;codestra.campaign.transfer.policy;codestra.campaign.workflow;codestra.coaching.session;codestra.command.center.snapshot;codestra.contact.center.case;codestra.contact.center.complaint;codestra.contact.policy.service;codestra.crm.appointment;codestra.crm.outbox;codestra.daily.operations.report;codestra.lead.distribution.rule;codestra.qa.criterion;codestra.qa.review;codestra.qa.scorecard;codestra.work.queue.item;codestra.workforce.shift,views/crm_os_views.xml,security/record_rules.xml;security/ir.model.access.csv,3,2,YES,YES,YES,NO,YES,NOT_DETECTED,APPROVED_CANDIDATE,CAMPAIGN
codestra_campaign_publishing,codestra_campaign_publishing,19.0.1.0.0,61e08a7d5ad3fa67a3afd9cd85f353db10cb17cf,feat/cc-compliance-audit,b05fce60adb6470aa4aca7c662f67621052e424e,codestra_cc_campaign;call_center_campaign;codestra_staging_campaign_design;codestra_cc_audit,,,,0,1,NO,NO,NO,NO,NO,NOT_DETECTED,APPROVED_CANDIDATE,CAMPAIGN
codestra_case_management,codestra_case_management,19.0.1.0.0,9e82d95a8e331baa5e553b9a74c18a76da87dd0e,feat/cc-compliance-audit,9513d813bdebaaac58fe5f1b45131898df81fcad,codestra_cc_core;codestra_cc_campaign;codestra_cc_compliance;codestra_cc_audit;mail;crm;contacts,codestra.case,views/case_views.xml,security/record_rules.xml;security/ir.model.access.csv,0,1,NO,NO,NO,NO,YES,NOT_DETECTED,APPROVED_CANDIDATE,CRM
codestra_cc_agent_desktop,codestra_cc_agent_desktop,19.0.1.1.0,dee15a4693028981c049091060b8a3cbf1b82657,feat/cc-compliance-audit,f512051c4c573dc668f64617e5eba21f3a293838,codestra_cc_vicidial;codestra_cc_crm;codestra_cc_helpdesk;codestra_interaction_workflow;web;crm;contacts,,,,0,1,NO,NO,NO,NO,YES,NOT_DETECTED,APPROVED_CANDIDATE,CORE_BUSINESS
codestra_cc_analytics,codestra_cc_analytics,19.0.1.0.0,677fa49f533faac3c74cb71bed8aa574c6587dc3,feat/cc-compliance-audit,cd1c774584614e125c6ab49aacf750452e74267a,codestra_analytics_reporting;codestra_daily_reporting;codestra_revenue_assurance;codestra_cc_workforce;codestra_cc_quality;codestra_cc_omnichannel,,,,0,1,NO,NO,NO,NO,NO,NOT_DETECTED,APPROVED_CANDIDATE,REPORTING
codestra_cc_audit,codestra_cc_audit,19.0.2.0.0,9b6aff4b17e10a54ea25a88fea84b126796dd4eb,feat/cc-compliance-audit,672b94bd457c5468da0078139d558a2cfa70324f,codestra_cc_core;codestra_cc_security;call_center_core;codestra_integration_hub,cc.audit.event,views/audit_views.xml,security/ir.model.access.csv;security/audit_security.xml,0,2,NO,NO,NO,NO,NO,NOT_DETECTED,APPROVED_CANDIDATE,COMPLIANCE
codestra_cc_automation,codestra_cc_automation,19.0.1.0.0,8e931e119fc246b6012d7e7714cf54f60b962dcf,feat/cc-compliance-audit,e057864a69c109fd715a078e389ab05b4dd196ac,codestra_cc_reliability;call_center_orchestration;codestra_lead_automation;codestra_social_orchestration;codestra_integration_hub,,,,0,1,NO,NO,NO,NO,NO,NOT_DETECTED,APPROVED_CANDIDATE,INTEGRATION_BOUNDARY
codestra_cc_calls,codestra_cc_calls,19.0.1.0.0,535bf92c603517ee707bc99490a5b2c369b0ca30,feat/cc-compliance-audit,e2422613ef98d618a5e386dbe9435f2361b75237,codestra_cc_crm;codestra_cc_disposition;codestra_appointments,cc.appointment;cc.callback;cc.callback.history;cc.callback.policy;cc.operation.outbox;cc.referral;cc.referral.delivery;cc.referral.route;cc.reminder;cc.transfer;cc.transfer.event;cc.transfer.route,views/callback_transfer_views.xml,security/ir.model.access.csv;security/calls_security.xml,0,1,NO,NO,YES,NO,YES,PRESENT,APPROVED_CANDIDATE,CALLBACK_APPOINTMENT
codestra_cc_campaign,codestra_cc_campaign,19.0.1.0.0,a7875c78bffa67c804ff507f754c1c5e52bebdbe,feat/cc-compliance-audit,b05fce60adb6470aa4aca7c662f67621052e424e,codestra_cc_core;call_center_campaign;codestra_campaign_crm_os;codestra_staging_campaign_design,,,,0,1,NO,NO,NO,NO,NO,NOT_DETECTED,APPROVED_CANDIDATE,CAMPAIGN
codestra_cc_compliance,codestra_cc_compliance,19.0.2.0.0,318f6eefa1ae721576a2178e586a642ee0a6faa2,feat/cc-compliance-audit,672b94bd457c5468da0078139d558a2cfa70324f,codestra_cc_security;codestra_cc_crm;codestra_cc_calls;codestra_cc_recordings;codestra_cc_wfm;codestra_vicidial_crm;call_center_compliance;codestra_cc_audit,cc.compliance.policy;cc.consent.evidence;cc.contact.eligibility.evidence;cc.legal.hold;cc.payment.safety.event;cc.payment.safety.session;cc.retention.decision;cc.suppression.entry,views/compliance_views.xml,security/compliance_security.xml;security/ir.model.access.csv;security/groups.xml,0,2,NO,NO,NO,NO,YES,PRESENT,APPROVED_CANDIDATE,COMPLIANCE
codestra_cc_core,codestra_cc_core,19.0.2.0.0,eab0dc2c5533cca29d88d1b4a083a8251afb70db,feat/cc-compliance-audit,75fdae200db0e3bd920544db0f9e4b436a717e3f,call_center_core;codestra_interaction_workflow;codestra_vicidial_crm,cc.business.unit;cc.campaign;cc.campaign.channel;cc.campaign.policy;cc.campaign.scoped.mixin,views/core_domain_views.xml,security/ir.model.access.csv,0,1,NO,NO,NO,NO,YES,PRESENT,APPROVED_CANDIDATE,CORE_BUSINESS
codestra_cc_crm,codestra_cc_crm,19.0.1.0.0,940b89ed6cf5d3c967986cf53cf10e39386e1d33,feat/cc-compliance-audit,f512051c4c573dc668f64617e5eba21f3a293838,codestra_cc_identity;codestra_cc_mail;call_center_campaign;codestra_campaign_crm_os;crm;mail,cc.customer.profile,views/crm_workspace_views.xml,security/crm_security.xml;security/ir.model.access.csv,0,1,NO,NO,NO,NO,NO,NOT_DETECTED,APPROVED_CANDIDATE,CRM
codestra_cc_customer_360,codestra_cc_customer_360,19.0.1.1.0,614d89ba9e5177f1242a36dabd27ca80db33bf39,feat/cc-compliance-audit,f512051c4c573dc668f64617e5eba21f3a293838,codestra_cc_core;codestra_cc_crm;codestra_cc_helpdesk;codestra_interaction_workflow;codestra_mail_inbox;crm;contacts;mail,,,,0,1,NO,NO,NO,NO,NO,NOT_DETECTED,APPROVED_CANDIDATE,CRM
codestra_cc_disposition,codestra_cc_disposition,19.0.2.0.0,a9b2b448513abfc03960efebd4e3d08cd9efd83b,feat/cc-compliance-audit,789998ae32c26f005d63b3d84cb2c32304c8da64,codestra_cc_campaign;codestra_cc_identity;codestra_cc_vicidial;call_center_campaign;codestra_vicidial_crm,cc.disposition;cc.disposition.set;cc.script;cc.script.acknowledgement;cc.script.version,views/script_disposition_views.xml,security/ir.model.access.csv;security/disposition_security.xml,0,1,NO,NO,NO,NO,YES,NOT_DETECTED,APPROVED_CANDIDATE,CAMPAIGN
codestra_cc_helpdesk,codestra_cc_helpdesk,19.0.1.0.0,a4b35f8e51630894c9301a8da4c3952c8ac40c5a,feat/cc-compliance-audit,f512051c4c573dc668f64617e5eba21f3a293838,codestra_cc_crm;codestra_cc_mail;mail,cc.helpdesk.queue;cc.helpdesk.sla.policy;cc.helpdesk.ticket,views/helpdesk_views.xml,security/helpdesk_security.xml;security/ir.model.access.csv,0,1,NO,NO,NO,NO,NO,NOT_DETECTED,APPROVED_CANDIDATE,CORE_BUSINESS
codestra_cc_identity,codestra_cc_identity,19.0.2.0.0,0e2bd28896195ce2dcaa5ff27b2b70cfbece0e0a,feat/cc-compliance-audit,f7da735101b05f934e2319464a8ee0271c4700a1,codestra_cc_core;codestra_cc_security;codestra_cc_workforce;codestra_identity_provisioning;codestra_cc_audit;web,cc.identity.outbox;cc.identity.reassignment;cc.identity.session.scope,views/identity_views.xml,security/record_rules.xml;security/ir.model.access.csv,0,1,YES,NO,YES,NO,YES,NOT_DETECTED,APPROVED_CANDIDATE,IDENTITY
codestra_cc_mail,codestra_cc_mail,19.0.1.0.0,4006567b0228118fa9b821c36561f5edc385c6f4,feat/cc-compliance-audit,4ad517f38ec61a9cf996f9a81a76d7362e24014c,codestra_cc_identity;codestra_mail_inbox;mail,cc.mail.distribution.group;cc.mail.distribution.membership;cc.mail.inbound.event;cc.mail.quarantine;cc.mail.route;cc.mail.sender.identity;cc.mail.thread,views/campaign_mail_views.xml,security/ir.model.access.csv;security/mail_security.xml,0,1,NO,NO,NO,NO,NO,PRESENT,APPROVED_CANDIDATE,EMAIL_PROJECTION
codestra_cc_mailbox,codestra_cc_mailbox,19.0.1.1.0,63419615ca8f3e3dd67710ce9f5932c58690d318,feat/cc-compliance-audit,4ad517f38ec61a9cf996f9a81a76d7362e24014c,codestra_cc_identity;codestra_cc_campaign;codestra_identity_provisioning;codestra_mail_inbox;codestra_cc_mail,,,,0,1,NO,NO,NO,NO,NO,NOT_DETECTED,APPROVED_CANDIDATE,EMAIL_PROJECTION
codestra_cc_omnichannel,codestra_cc_omnichannel,19.0.1.0.0,2ebb6b33055b9b2853b2b55080f0b23b30d4df15,feat/cc-compliance-audit,e057864a69c109fd715a078e389ab05b4dd196ac,codestra_cc_customer_360;codestra_cc_compliance;codestra_cc_reliability;codestra_mail_inbox;codestra_integration_hub,,,,0,1,NO,NO,NO,NO,NO,NOT_DETECTED,APPROVED_CANDIDATE,CORE_BUSINESS
codestra_cc_quality,codestra_cc_quality,19.0.2.0.0,a6489ba57d515c61b3b0de7d019453b45642923a,feat/cc-compliance-audit,3e076be656e59883323b8b8a6c687468569622f8,codestra_cc_recordings;codestra_ai_call_audit;codestra_ai_review;codestra_transcription;codestra_cc_audit,cc.coaching.plan;cc.quality.answer;cc.quality.calibration;cc.quality.dispute;cc.quality.evaluation;cc.quality.event;cc.quality.program;cc.quality.question;cc.quality.sample,views/quality_views.xml,security/quality_security.xml;security/ir.model.access.csv,0,2,NO,NO,NO,NO,YES,NOT_DETECTED,APPROVED_CANDIDATE,COMPLIANCE
codestra_cc_recordings,codestra_cc_recordings,19.0.1.0.0,f949203e50e5091287e0505c30385661c2dd667e,feat/cc-compliance-audit,c009b015b664e1268a862815891c0582ab716472,codestra_cc_calls;codestra_cc_vicidial;codestra_vicidial_recording,cc.recording;cc.recording.access.event;cc.recording.policy;cc.recording.retention.event,views/recording_views.xml,security/ir.model.access.csv;security/recording_security.xml,0,1,NO,NO,NO,NO,YES,PRESENT,APPROVED_CANDIDATE,TELEPHONY_PROJECTION
codestra_cc_reliability,codestra_cc_reliability,19.0.1.0.0,0b7949a7f0f13f858ce5c5a73f8325bf4845b6e3,feat/cc-compliance-audit,c80e196d0263ea92a9f16a6008afc1488b0d8558,codestra_cc_core;codestra_integration_hub;codestra_middleware_bridge;call_center_orchestration,,,,0,1,NO,NO,YES,YES,NO,NOT_DETECTED,APPROVED_CANDIDATE,CORE_BUSINESS
codestra_cc_reporting,codestra_cc_reporting,19.0.1.0.0,626bd3a277717bc30710fee734cce5c715c34ae2,feat/cc-compliance-audit,34cd35fa6cd80abcd5e5683b96ed00e950d3f29e,codestra_cc_wfm;codestra_cc_quality;codestra_cc_calls;codestra_cc_mail;codestra_cc_helpdesk;codestra_cc_analytics,cc.kpi.definition;cc.kpi.snapshot;cc.reporting.export.event;cc.reporting.policy,views/reporting_views.xml,security/ir.model.access.csv;security/reporting_security.xml,0,1,NO,NO,NO,NO,NO,NOT_DETECTED,APPROVED_CANDIDATE,REPORTING
codestra_cc_security,codestra_cc_security,19.0.1.0.0,afc6dfc1aa0e08c397ae08f699cf9d4697788558,feat/cc-compliance-audit,f7da735101b05f934e2319464a8ee0271c4700a1,codestra_cc_core,cc.break.glass.grant;cc.campaign.membership,views/security_views.xml,security/record_rules.xml;security/ir.model.access.csv;security/groups.xml,0,1,NO,NO,YES,NO,YES,NOT_DETECTED,APPROVED_CANDIDATE,CORE_BUSINESS
codestra_cc_supervisor,codestra_cc_supervisor,19.0.1.0.0,e4a9d644294cd2d9e8d89f29c6c60e320c176309,feat/cc-compliance-audit,6a74b3cc75b6d6934878515da8ed847fd12fede1,codestra_cc_vicidial;codestra_telephony_bridge;codestra_ivr_control;codestra_cc_audit,,,,0,1,NO,NO,NO,NO,YES,NOT_DETECTED,APPROVED_CANDIDATE,CORE_BUSINESS
codestra_cc_vicidial,codestra_cc_vicidial,19.0.2.0.0,cf1ee9f64313be511b30d619f1543e90541ab0e2,feat/cc-compliance-audit,d00d8a4f84624015190d342e1ad3a5eabbc12ec2,codestra_cc_core;codestra_cc_security;codestra_cc_reliability;codestra_vicidial_crm;codestra_vicidial_connector;codestra_telephony_bridge;codestra_vicidial_recording,cc.telephony.mapping;cc.telephony.middleware.contract;cc.telephony.readback,views/telephony_mapping_views.xml,security/ir.model.access.csv;security/vicidial_security.xml,0,1,NO,NO,YES,NO,YES,PRESENT,APPROVED_CANDIDATE,TELEPHONY_PROJECTION
codestra_cc_wfm,codestra_cc_wfm,19.0.1.0.0,81072e6ad51d3d5812191b0d27592bb86112a98c,feat/cc-compliance-audit,292f035eb3ea637421ddd7af565fecf95fd58d83,codestra_cc_security;codestra_cc_calls;codestra_cc_quality;codestra_cc_vicidial;codestra_cc_workforce,cc.workforce.adherence.event;cc.workforce.exception;cc.workforce.exception.event;cc.workforce.forecast;cc.workforce.policy;cc.workforce.realtime.snapshot;cc.workforce.schedule;cc.workforce.schedule.change,views/workforce_views.xml,security/ir.model.access.csv;security/workforce_security.xml;security/groups.xml,0,1,NO,NO,NO,NO,YES,NOT_DETECTED,APPROVED_CANDIDATE,WFM
codestra_cc_workforce,codestra_cc_workforce,19.0.1.0.0,75c004776cfb2b4614788b1f2dba238dc7ef8991,feat/cc-compliance-audit,2136c37aa86f8e616d4ad9c33d3e2cb3c34b8863,codestra_cc_core;codestra_cc_vicidial;hr;hr_attendance;resource;mail,codestra.cc.shift,views/shift_views.xml,security/record_rules.xml;security/ir.model.access.csv,0,1,NO,NO,NO,NO,YES,NOT_DETECTED,APPROVED_CANDIDATE,WFM
codestra_client_operations,codestra_client_operations,19.0.1.0.0,3b764107d883df1783ee81dcfcf17f4477861842,feat/cc-compliance-audit,5c06e713abf22d34141c5fb82b0f8d3f5d478189,codestra_cc_core;codestra_cc_campaign;codestra_case_management;call_center_campaign;contacts;mail,codestra.client.contract;codestra.client.sla,views/client_contract_views.xml,security/record_rules.xml;security/ir.model.access.csv;security/groups.xml,0,1,NO,NO,NO,NO,NO,NOT_DETECTED,APPROVED_CANDIDATE,CRM
codestra_client_portal,codestra_client_portal,19.0.1.0.0,837cadaa9be81e702698a4b83e320280807cc667,feat/cc-compliance-audit,2f85eaa4ed494cfede7dd5657d5f8817de3bae3b,portal;website;codestra_client_operations;codestra_revenue_assurance;codestra_cc_analytics,,views/portal_templates.xml,security/record_rules.xml;security/ir.model.access.csv,0,1,YES,NO,NO,NO,NO,NOT_DETECTED,APPROVED_CANDIDATE,PORTAL
codestra_daily_reporting,codestra_daily_reporting,19.0.1.0.0,d28b3589c50fbc566218eef123ca4f13a2c1646d,feat/cc-compliance-audit,3432c1f4a06a44fe200753955a741f0726a0ec31,codestra_ai_core;call_center_orchestration,codestra.daily.report;codestra.daily.report.action;codestra.daily.report.data.quality;codestra.daily.report.delivery;codestra.daily.report.metric;codestra.daily.report.recipient;codestra.daily.report.section;codestra.daily.report.snapshot,,security/record_rules.xml;security/ir.model.access.csv,0,0,NO,NO,NO,NO,NO,NOT_DETECTED,APPROVED_CANDIDATE,REPORTING
codestra_data_quality,codestra_data_quality,19.0.1.0.0,c3d6c008b09a0bff87dd232d6d8b20c9f6e47d2c,feat/cc-compliance-audit,5c06e713abf22d34141c5fb82b0f8d3f5d478189,codestra_cc_core;call_center_lead_validation;codestra_lead_ingestion;codestra_cc_audit;crm;contacts;mail,codestra.data.quality.issue,views/data_quality_views.xml,security/record_rules.xml;security/ir.model.access.csv,0,1,NO,NO,NO,NO,YES,NOT_DETECTED,APPROVED_CANDIDATE,REPORTING
codestra_identity_provisioning,codestra_identity_provisioning,19.0.1.1.2,7f31cc4d6f40338aaaf800a42c6ed599c6d9fc5f,feat/cc-compliance-audit,f8318be2b09eb84249c30759f70f1b6600fb394e,base;mail;contacts;hr;auth_signup;web;codestra_base;call_center_core;call_center_campaign,codestra.company.mailbox;codestra.credential.reference;codestra.email.domain;codestra.extension.assignment;codestra.extension.pool;codestra.identifier.reservation;codestra.identity.link;codestra.private.provisioning.service;codestra.provisioning.audit;codestra.provisioning.inbound.group;codestra.provisioning.request;codestra.provisioning.step;codestra.role.template,views/provisioning_views.xml,security/ir.model.access.csv;security/provisioning_security.xml,0,1,YES,NO,NO,NO,YES,NOT_DETECTED,APPROVED_CANDIDATE,IDENTITY
codestra_integration_hub,codestra_integration_hub,19.0.1.0.1,f4db314a557fdf2a9e0aac81ed5543d1994f7f70,feat/cc-compliance-audit,3e6c621c58146f4da74772415ed9e780e1c022c3,codestra_base;codestra_vicidial_crm;mail,codestra.integration.delivery;codestra.integration.endpoint;codestra.integration.event.service;codestra.integration.idempotency;codestra.integration.idempotency.service,views/mapping_views.xml;views/endpoint_views.xml;views/menus.xml;views/event_views.xml;views/dead_letter_views.xml;views/delivery_views.xml;views/audit_views.xml,security/security.xml;security/record_rules.xml;security/ir.model.access.csv,0,8,NO,YES,NO,NO,YES,NOT_DETECTED,APPROVED_CANDIDATE,INTEGRATION_BOUNDARY
codestra_interaction_workflow,codestra_interaction_workflow,19.0.1.0.0,27891ce138cc6053173308f1c806e277d3c5fde9,feat/cc-compliance-audit,3432c1f4a06a44fe200753955a741f0726a0ec31,web;call_center_campaign,codestra.integration.activation.request;codestra.integration.dashboard;codestra.integration.retry.request,views/menus.xml;views/activation_request_views.xml,security/ir.model.access.csv,0,1,NO,NO,YES,YES,NO,NOT_DETECTED,APPROVED_CANDIDATE,CRM
codestra_ivr_control,codestra_ivr_control,19.0.1.0.0,3b27a0bfe3501da52f205cacf756cd8741fdf9f5,feat/cc-compliance-audit,3432c1f4a06a44fe200753955a741f0726a0ec31,codestra;call_center_orchestration;codestra_appointments,codestra.ivr.destination;codestra.ivr.did.mapping;codestra.ivr.menu;codestra.ivr.option;codestra.ivr.scoped.mixin;codestra.ivr.session,,security/ivr_security.xml;security/ir.model.access.csv,0,0,NO,NO,NO,NO,YES,NOT_DETECTED,APPROVED_CANDIDATE,TELEPHONY_PROJECTION
codestra_lead_automation,codestra_lead_automation,19.0.2.0.0,30b65a165e91988e8be9edc0c97aef9c19059194,feat/cc-compliance-audit,3e6c621c58146f4da74772415ed9e780e1c022c3,crm;call_center_compliance;call_center_orchestration;codestra_telephony_bridge,codestra.lead.automation.config;codestra.lead.automation.execution;codestra.lead.automation.nonce;codestra.lead.automation.policy;codestra.lead.automation.receipt;codestra.lead.callback.request;codestra.lead.channel.eligibility;codestra.lead.consent.snapshot,views/lead_automation_views.xml,security/record_rules.xml;security/ir.model.access.csv;security/lead_automation_security.xml,0,3,YES,YES,YES,YES,NO,NOT_DETECTED,APPROVED_CANDIDATE,CRM
codestra_lead_ingestion,codestra_lead_ingestion,19.0.1.0.0,071935b8becbaa636b656d05a040d4650b15ae24,feat/cc-compliance-audit,3e6c621c58146f4da74772415ed9e780e1c022c3,base;mail;contacts;crm;call_center_campaign;call_center_compliance;call_center_lead_validation;codestra_integration_hub,codestra.lead.column.mapping;codestra.lead.column.mapping.line;codestra.lead.import.audit;codestra.lead.import.batch;codestra.lead.import.line;codestra.lead.import.outbox,views/settings_views.xml;views/mapping_views.xml;views/menus.xml;views/import_views.xml,security/record_rules.xml;security/ir.model.access.csv;security/groups.xml,0,1,NO,YES,YES,NO,YES,PRESENT,APPROVED_CANDIDATE,CRM
codestra_login_branding,codestra_login_branding,19.0.1.0.0,9a45e2679305b6f9af1cbde2aebe7e2c0afdcf33,feat/cc-compliance-audit,c89b16fb664a63c54465cbb929ee0251a0c6e35c,web,,views/login_templates.xml,,0,1,NO,NO,NO,NO,NO,NOT_DETECTED,APPROVED_CANDIDATE,IDENTITY
codestra_mail_inbox,codestra_mail_inbox,19.0.1.2.0,dd51eef5dabcaba2cdb27822c08a9defa6568447,feat/cc-compliance-audit,3e6c621c58146f4da74772415ed9e780e1c022c3,base;mail,codestra.mail.audit;codestra.mail.brand;codestra.mail.conversation;codestra.mail.inbound.event;codestra.mail.quarantine;codestra.mail.queue.type;codestra.mail.sender.allowlist;codestra.mail.sla.policy;codestra.mail.stage;codestra.mail.team,views/inbox_views.xml,security/security.xml;security/ir.model.access.csv,2,1,NO,NO,NO,YES,NO,PRESENT,APPROVED_CANDIDATE,EMAIL_PROJECTION
codestra_middleware_bridge,codestra_middleware_bridge,19.0.1.0.1,a28c2efed1d1bd6f6f5b2bed93c2df824a0a004a,feat/cc-compliance-audit,3432c1f4a06a44fe200753955a741f0726a0ec31,contacts;crm;mail;codestra_integration_hub,codestra.crm.external.mapping;codestra.email.delivery.status;codestra.middleware.outbound;codestra.middleware.request,,security/security.xml;security/ir.model.access.csv,0,1,YES,NO,NO,NO,YES,NOT_DETECTED,APPROVED_CANDIDATE,INTEGRATION_BOUNDARY
codestra_odoo_certification,codestra_odoo_certification,19.0.1.1.0,852c5524878651a525a542777e25d22ef69e41d3,feat/cc-compliance-audit,2f85eaa4ed494cfede7dd5657d5f8817de3bae3b,call_center_campaign;codestra_vicidial_crm,codestra.crm.mutation,,security/ir.model.access.csv,0,1,NO,NO,NO,NO,YES,NOT_DETECTED,APPROVED_CANDIDATE,COMPATIBILITY
codestra_revenue_assurance,codestra_revenue_assurance,19.0.1.0.0,8aff64a7ff979f5a74418b7af486fe91da11f9e1,feat/cc-compliance-audit,5c06e713abf22d34141c5fb82b0f8d3f5d478189,codestra_client_operations;codestra_cc_reliability;call_center_campaign;account;mail,codestra.billing.usage;codestra.rate.plan,views/revenue_views.xml,security/record_rules.xml;security/ir.model.access.csv,0,1,NO,NO,NO,NO,NO,NOT_DETECTED,APPROVED_CANDIDATE,REPORTING
codestra_social_orchestration,codestra_social_orchestration,19.0.1.0.0,1850feb3a99c90babccb9a3ec79d30374f0c0bd9,feat/cc-compliance-audit,3432c1f4a06a44fe200753955a741f0726a0ec31,codestra_base;codestra_integration_hub;mail;crm;utm,codestra.social.analytics;codestra.social.approval;codestra.social.campaign;codestra.social.channel;codestra.social.failure;codestra.social.media;codestra.social.post;codestra.social.publication,views/social_views.xml,security/security.xml;security/ir.model.access.csv,0,1,NO,NO,NO,NO,NO,NOT_DETECTED,APPROVED_CANDIDATE,INTEGRATION_BOUNDARY
codestra_staging_campaign_design,codestra_staging_campaign_design,19.0.1.0.0,fd0fdb619d2f60a3e3dfcc4a0ccba7e7cd32abc7,feat/cc-compliance-audit,3e6c621c58146f4da74772415ed9e780e1c022c3,call_center_campaign;call_center_lead_validation;codestra_appointments;codestra_identity_provisioning,codestra.campaign.design.profile,views/dashboard_views.xml;views/crm_lead_views.xml,security/record_rules.xml;security/ir.model.access.csv,1,1,NO,NO,NO,NO,YES,NOT_DETECTED,APPROVED_CANDIDATE,CAMPAIGN
codestra_telephony_bridge,codestra_telephony_bridge,19.0.1.2.0,b6b377e715ff4754e20d1e7a3dc8fcc9d75d18c0,feat/cc-compliance-audit,3432c1f4a06a44fe200753955a741f0726a0ec31,call_center_campaign;call_center_orchestration;codestra_identity_provisioning,codestra.integration.reconciliation.drift;codestra.integration.reconciliation.run;codestra.telephony.desired.state;codestra.telephony.target.mapping;codestra.telephony.transfer.request;codestra.telephony.transfer.transition,views/telephony_reconciliation_views.xml,security/telephony_integration_security.xml;security/ir.model.access.csv,4,4,YES,NO,YES,YES,YES,NOT_DETECTED,APPROVED_CANDIDATE,TELEPHONY_PROJECTION
codestra_training_academy,codestra_training_academy,19.0.1.0.0,c8bec97f034180dd706f9f1abb92cfbcb937c2a2,feat/cc-compliance-audit,5c06e713abf22d34141c5fb82b0f8d3f5d478189,codestra_cc_core;hr;mail,codestra.training.course;codestra.training.enrollment,views/training_views.xml,security/record_rules.xml;security/ir.model.access.csv,0,1,NO,NO,NO,NO,NO,NOT_DETECTED,APPROVED_CANDIDATE,WFM
codestra_transcription,codestra_transcription,19.0.1.0.0,634c568ca1af3e527b1cd8172010cafa2dc5b6da,feat/cc-compliance-audit,3432c1f4a06a44fe200753955a741f0726a0ec31,codestra;call_center_orchestration;codestra_ai_core,codestra.call.transcript;codestra.call.transcript.scope.mixin;codestra.call.transcript.segment,,security/ir.model.access.csv;security/transcription_security.xml,0,0,NO,NO,NO,NO,NO,NOT_DETECTED,APPROVED_CANDIDATE,CORE_BUSINESS
codestra_vicidial_connector,codestra_vicidial_connector,19.0.1.0.0,44ca7d4ff9f2afd6241faaeac28843ac4976188c,feat/cc-compliance-audit,3432c1f4a06a44fe200753955a741f0726a0ec31,codestra_integration_hub;codestra_vicidial_crm,codestra.vicidial.connector.import.batch;codestra.vicidial.connector.import.line;codestra.vicidial.connector.normalizer;codestra.vicidial.connector.profile,views/connector_views.xml,security/ir.model.access.csv,0,1,NO,NO,NO,NO,YES,PRESENT,APPROVED_CANDIDATE,TELEPHONY_PROJECTION
codestra_vicidial_crm,codestra_vicidial_crm,19.0.3.2.0,617313316effd26e37ac8e39b688e1aeb925a5fb,feat/cc-compliance-audit,b78cd97a233eb501701e58d09c2491b778bcf7a6,codestra_base;call_center_core;base;contacts;crm;mail;calendar;phone_validation;web,codestra.call.coaching;codestra.call.control.command;codestra.call.note;codestra.call.note.revision;codestra.call.note.template;codestra.call.qa.review;codestra.call.sub.disposition;codestra.callback;codestra.integration.audit;codestra.integration.dead.letter;codestra.integration.event;codestra.integration.mapping;codestra.retry.event.wizard;codestra.sync.preview.wizard;codestra.telephony.middleware.client;codestra.vicidial.agent;codestra.vicidial.call;codestra.vicidial.call.event;codestra.vicidial.campaign;codestra.vicidial.disposition;codestra.vicidial.phone;codestra.vicidial.queue.snapshot;codestra.vicidial.recording;codestra.vicidial.sync.event;codestra.vicidial.transfer;vicidial.email.endpoint;vicidial.identity.map;vicidial.phone.endpoint;vicidial.reconciliation.issue;vicidial.sync.run,views/reconciliation_views.xml;views/views.xml;views/menus.xml;views/crm_lead_click_to_call.xml,security/security.xml;security/record_rules.xml;security/security_extra.xml;security/ir.model.access.csv,2,12,YES,YES,NO,NO,YES,PRESENT,APPROVED_CANDIDATE,TELEPHONY_PROJECTION
codestra_vicidial_recording,codestra_vicidial_recording,19.0.1.0.0,3ef18226525231684891fc59d00d2b365b3350ed,feat/cc-compliance-audit,2c7af97d37f8b56cea34f73380bf76928d902855,base;web;codestra_vicidial_crm,codestra.vicidial.recording.api.idempotency;codestra.vicidial.recording.api.nonce;codestra.vicidial.recording.playback.audit;codestra.vicidial.recording.retention.audit;codestra.vicidial.recording.scope.group,views/recording_views.xml;views/recording_menus.xml;views/call_campaign_views.xml,security/ir.model.access.csv;security/recording_rules.xml;security/recording_security.xml,0,2,YES,NO,NO,NO,YES,NOT_DETECTED,APPROVED_CANDIDATE,TELEPHONY_PROJECTION
